CENTRALWAVELNG,PL_TRANDEP,PL_TRANDEPERR
2.74279,0.30735,0.11148
2.74347,0.23426,0.10728
2.74415,0.34178,0.12235
2.74484,0.26382,0.11042
2.74551,0.24518,0.10853
2.74619,0.29754,0.10664
2.74687,0.4248,0.09925
2.74755,0.31953,0.10633
2.74823,0.39777,0.10318
2.74891,0.28834,0.09235
2.74959,0.23271,0.09915
2.75027,0.33479,0.09837
2.75095,0.29234,0.09588
2.75163,0.334,0.08777
2.75231,0.39126,0.09213
2.75299,0.26199,0.08665
2.75435,0.29334,0.08072
2.75503,0.22467,0.08003
2.75571,0.17677,0.08212
2.75639,0.38355,0.08478
2.75707,0.4455,0.08209
2.75775,0.39387,0.0844
2.75843,0.21695,0.07065
2.75911,0.32014,0.07996
2.75979,0.2408,0.08061
2.76047,0.28006,0.07883
2.76115,0.20347,0.07039
2.76251,0.19146,0.06681
2.76318,0.22957,0.06877
2.76387,0.36579,0.07201
2.76454,0.24439,0.07096
2.76522,0.25741,0.06561
2.7659,0.25602,0.06441
2.76659,0.17352,0.06684
2.76726,0.22939,0.06828
2.76794,0.24984,0.06615
2.76862,0.29106,0.06827
2.7693,0.27508,0.06478
2.76998,0.24853,0.0637
2.77066,0.25178,0.06411
2.77134,0.22964,0.05828
2.77202,0.29783,0.06443
2.7727,0.30995,0.06343
2.77338,0.29383,0.05914
2.77406,0.3537,0.05871
2.77474,0.30092,0.05705
2.77542,0.35347,0.05777
2.7761,0.23483,0.05565
2.77678,0.29901,0.05675
2.77746,0.28547,0.058
2.77814,0.15718,0.04888
2.77882,0.29073,0.05632
2.7795,0.16909,0.05227
2.78018,0.34852,0.05338
2.78086,0.38347,0.05315
2.78154,0.30971,0.05313
2.78221,0.27012,0.04861
2.78289,0.27955,0.05405
2.78358,0.33187,0.05153
2.78493,0.35962,0.05239
2.78561,0.33608,0.05123
2.78629,0.28799,0.0517
2.78697,0.21666,0.0482
2.78766,0.30578,0.04877
2.78833,0.27254,0.04839
2.78901,0.3068,0.04749
2.78969,0.32217,0.05149
2.79037,0.34011,0.04755
2.79105,0.34108,0.04735
2.79173,0.29142,0.0477
2.79241,0.31808,0.04814
2.79309,0.26684,0.04722
2.79377,0.36279,0.04574
2.79445,0.29918,0.047
2.79513,0.29422,0.04566
2.7958,0.29482,0.04509
2.79649,0.21758,0.04457
2.79717,0.26502,0.04209
2.79785,0.32024,0.0446
2.79853,0.28764,0.04344
2.7992,0.29728,0.04184
2.79988,0.26702,0.04214
2.80056,0.3293,0.0426
2.80124,0.24532,0.04317
2.80192,0.27908,0.04281
2.8026,0.35004,0.04457
2.80328,0.29688,0.04379
2.80396,0.30954,0.0444
2.80464,0.35126,0.04394
2.80532,0.26514,0.04253
2.806,0.33494,0.04132
2.80668,0.28668,0.04103
2.80736,0.31066,0.03907
2.80804,0.28163,0.04029
2.80872,0.29259,0.04112
2.8094,0.33951,0.03843
2.81008,0.27628,0.03891
2.81076,0.3463,0.04007
2.81144,0.34576,0.03992
2.81212,0.29062,0.03702
2.81279,0.25585,0.03921
2.81347,0.39133,0.04101
2.81415,0.29573,0.03929
2.81483,0.30571,0.03958
2.81551,0.3249,0.0383
2.81619,0.29103,0.03722
2.81687,0.29487,0.03734
2.81755,0.30136,0.04191
2.81823,0.31328,0.03798
2.81891,0.30818,0.03766
2.81959,0.26224,0.03928
2.82027,0.3255,0.03973
2.82095,0.32321,0.03952
2.82163,0.33448,0.0387
2.82299,0.26997,0.037
2.82366,0.30032,0.03802
2.82435,0.29937,0.0364
2.82502,0.3095,0.03666
2.8257,0.28581,0.03597
2.82638,0.36128,0.03609
2.82706,0.34602,0.03681
2.82774,0.28971,0.03516
2.82842,0.33517,0.03459
2.8291,0.25649,0.03556
2.82978,0.30296,0.03531
2.83046,0.33962,0.03625
2.83114,0.28899,0.03636
2.83182,0.27344,0.03543
2.8325,0.25892,0.03479
2.83318,0.34186,0.03315
2.83386,0.33971,0.03721
2.83454,0.27847,0.03416
2.83521,0.27543,0.03578
2.83589,0.28673,0.037
2.83657,0.3293,0.03564
2.83725,0.29674,0.03581
2.83793,0.35933,0.03369
2.83861,0.32084,0.0342
2.83929,0.28352,0.03414
2.83997,0.29343,0.03322
2.84065,0.31517,0.03355
2.84133,0.26216,0.03605
2.84201,0.29544,0.03352
2.84269,0.31086,0.0336
2.84337,0.33788,0.03395
2.84405,0.29872,0.03325
2.84473,0.326,0.03417
2.8454,0.33246,0.0332
2.84609,0.39224,0.034
2.84676,0.32155,0.03245
2.84744,0.3644,0.03388
2.84812,0.31895,0.0334
2.8488,0.29159,0.03385
2.85016,0.36359,0.03435
2.85084,0.25198,0.03277
2.85152,0.26505,0.03281
2.8522,0.28802,0.03366
2.85288,0.32199,0.03386
2.85356,0.29199,0.03241
2.85424,0.28846,0.03435
2.85491,0.29074,0.03304
2.85559,0.31643,0.0336
2.85627,0.25137,0.03322
2.85695,0.34664,0.03234
2.85763,0.27351,0.03236
2.85831,0.27188,0.03144
2.85899,0.32131,0.03199
2.85967,0.32234,0.03096
2.86035,0.33784,0.03144
2.86103,0.28598,0.03214
2.86171,0.32144,0.0316
2.86239,0.27634,0.03169
2.86307,0.2698,0.03121
2.86375,0.27747,0.03168
2.86442,0.23816,0.0329
2.8651,0.25153,0.03129
2.86578,0.27802,0.03232
2.86646,0.28631,0.03115
2.86714,0.27568,0.03141
2.86782,0.30226,0.03121
2.8685,0.31466,0.03292
2.86918,0.31564,0.03152
2.86986,0.2895,0.03358
2.87054,0.29441,0.03193
2.87122,0.29812,0.03105
2.87189,0.27366,0.0311
2.87257,0.27592,0.0324
2.87325,0.34356,0.03309
2.87393,0.28248,0.03329
2.87461,0.26626,0.0313
2.87529,0.32517,0.03209
2.87597,0.25856,0.02961
2.87665,0.2789,0.03103
2.87733,0.30352,0.03146
2.87801,0.25543,0.03425
2.87869,0.3076,0.03098
2.87937,0.28113,0.03111
2.88072,0.26401,0.03061
2.8814,0.32985,0.03059
2.88208,0.28723,0.03082
2.88276,0.30186,0.03163
2.88344,0.3001,0.03134
2.88412,0.29377,0.031
2.8848,0.2976,0.03189
2.88548,0.21935,0.03233
2.88616,0.27873,0.0337
2.88684,0.26587,0.03149
2.88752,0.32001,0.0313
2.88819,0.25935,0.03156
2.88887,0.25906,0.03197
2.88955,0.25639,0.03334
2.89023,0.3359,0.03255
2.89091,0.18359,0.0315
2.89159,0.29388,0.03098
2.89227,0.29736,0.03066
2.89295,0.25188,0.03206
2.89363,0.28385,0.0326
2.89499,0.27553,0.03079
2.89566,0.33494,0.03072
2.89635,0.33778,0.03189
2.89702,0.27893,0.0321
2.8977,0.30069,0.03171
2.89838,0.29192,0.03135
2.89906,0.2679,0.03041
2.89974,0.31128,0.03219
2.90042,0.26433,0.03088
2.9011,0.26687,0.03146
2.90178,0.2433,0.03111
2.90245,0.29199,0.03082
2.90313,0.26126,0.03083
2.90449,0.31492,0.03014
2.90517,0.28955,0.03161
2.90585,0.24326,0.03097
2.90653,0.3253,0.03066
2.90721,0.2901,0.03135
2.90789,0.29602,0.03266
2.90856,0.32169,0.03299
2.90924,0.28122,0.03138
2.90992,0.24742,0.03169
2.9106,0.27584,0.03157
2.91128,0.32822,0.02962
2.91196,0.24332,0.03011
2.91264,0.24925,0.02864
2.914,0.31289,0.02997
2.91467,0.27757,0.02948
2.91535,0.29799,0.03111
2.91603,0.29682,0.02994
2.91671,0.31056,0.03022
2.91739,0.28878,0.02942
2.91807,0.29414,0.03016
2.91875,0.26401,0.02915
2.91943,0.22652,0.02941
2.92011,0.27084,0.02926
2.92079,0.25219,0.02935
2.92147,0.2744,0.0299
2.92214,0.2959,0.03082
2.92282,0.31542,0.03044
2.9235,0.24265,0.03145
2.92418,0.2647,0.02988
2.92486,0.31279,0.03065
2.92554,0.30512,0.03167
2.92622,0.26232,0.02928
2.9269,0.27673,0.0304
2.92757,0.2715,0.02901
2.92825,0.30144,0.03094
2.92893,0.28022,0.03094
2.92961,0.26338,0.02982
2.93029,0.28388,0.0294
2.93097,0.31914,0.02849
2.93165,0.30142,0.02902
2.93233,0.2822,0.02913
2.93301,0.29172,0.02886
2.93368,0.27691,0.02912
2.93436,0.24765,0.02794
2.93504,0.26736,0.02979
2.93572,0.33251,0.02901
2.9364,0.27156,0.02838
2.93708,0.29448,0.0292
2.93776,0.32375,0.0315
2.93844,0.25591,0.02911
2.93912,0.28104,0.02868
2.9398,0.30698,0.02881
2.94047,0.29294,0.02909
2.94115,0.36801,0.02992
2.94183,0.26033,0.02823
2.94251,0.30981,0.02775
2.94319,0.28304,0.02791
2.94387,0.29959,0.02886
2.94455,0.25875,0.0307
2.94522,0.26027,0.0304
2.9459,0.30608,0.02717
2.94658,0.27238,0.02891
2.94726,0.28785,0.02945
2.94794,0.3039,0.02917
2.94862,0.3321,0.02997
2.9493,0.2629,0.02827
2.94997,0.27423,0.0282
2.95065,0.28389,0.02669
2.95133,0.31754,0.02771
2.95201,0.30188,0.02881
2.95269,0.25551,0.02812
2.95337,0.31092,0.02846
2.95405,0.26132,0.02795
2.95472,0.32924,0.02808
2.9554,0.30079,0.02877
2.95608,0.33847,0.02835
2.95676,0.32367,0.02848
2.95744,0.28564,0.02688
2.95812,0.36,0.02724
2.9588,0.32246,0.02821
2.95948,0.30329,0.02876
2.96016,0.3069,0.02872
2.96083,0.25805,0.02877
2.96151,0.25659,0.02789
2.96219,0.30097,0.02832
2.96287,0.30274,0.02801
2.96355,0.28437,0.02891
2.96423,0.3202,0.02828
2.96491,0.28962,0.02877
2.96627,0.261,0.03064
2.96694,0.34427,0.02414
2.96762,0.33039,0.02898
2.9683,0.30135,0.03013
2.96898,0.23395,0.03013
2.96966,0.25498,0.02943
2.97034,0.34033,0.02815
2.97101,0.35146,0.02768
2.97169,0.30147,0.02857
2.97237,0.30496,0.02781
2.97305,0.27753,0.02743
2.97373,0.26164,0.02667
2.97441,0.27908,0.02712
2.97509,0.2844,0.02807
2.97576,0.28021,0.02727
2.97644,0.28525,0.02706
2.97712,0.25884,0.02761
2.9778,0.28423,0.02752
2.97848,0.24926,0.02692
2.97916,0.24552,0.0278
2.97984,0.32352,0.02817
2.98052,0.33526,0.0274
2.98119,0.32577,0.02865
2.98323,0.29656,0.02855
2.9839,0.28602,0.0284
2.98459,0.27098,0.0294
2.98526,0.31299,0.02704
2.98594,0.29449,0.02965
2.98662,0.31617,0.02801
2.9873,0.29024,0.03009
2.98798,0.34544,0.02934
2.98866,0.307,0.02975
2.98933,0.30186,0.02912
2.99001,0.30436,0.0277
2.99069,0.2852,0.02795
2.99137,0.31486,0.02746
2.99205,0.35456,0.02758
2.99273,0.32354,0.02679
2.99341,0.30531,0.02679
2.99408,0.25822,0.02694
2.99476,0.28908,0.02708
2.99544,0.28444,0.02702
2.99612,0.34811,0.02774
2.9968,0.34981,0.02758
2.99748,0.28605,0.02644
2.99816,0.31046,0.02711
2.99883,0.24973,0.02738
2.99951,0.24107,0.02967
3.00019,0.26637,0.02855
3.00087,0.2846,0.02774
3.00155,0.28125,0.02641
3.00223,0.30715,0.02855
3.0029,0.29634,0.0277
3.00358,0.29351,0.02756
3.00426,0.3292,0.02667
3.00494,0.28744,0.02667
3.00562,0.28979,0.02681
3.00629,0.29856,0.0268
3.00697,0.32402,0.02762
3.00765,0.25163,0.02809
3.00833,0.3502,0.02863
3.00901,0.3072,0.02782
3.00969,0.32598,0.02857
3.01037,0.29801,0.02932
3.01104,0.32247,0.02734
3.01172,0.33043,0.0278
3.0124,0.29669,0.02804
3.01308,0.32414,0.02591
3.01376,0.28781,0.02669
3.01443,0.2676,0.02447
3.01511,0.31938,0.02648
3.01579,0.30878,0.02724
3.01647,0.25732,0.0278
3.01783,0.2943,0.02863
3.01851,0.26636,0.02818
3.01918,0.28314,0.02518
3.01986,0.2908,0.02226
3.02054,0.21454,0.02892
3.02122,0.25474,0.02603
3.0219,0.24823,0.02713
3.02258,0.25849,0.02799
3.02325,0.28292,0.02699
3.02393,0.28132,0.02855
3.02461,0.28387,0.0274
3.02529,0.29998,0.02646
3.02597,0.25972,0.02757
3.02665,0.31006,0.02742
3.02733,0.262,0.02583
3.02868,0.29316,0.02709
3.02936,0.30427,0.02764
3.03004,0.32889,0.02754
3.03072,0.30141,0.02938
3.03139,0.32273,0.02808
3.03207,0.28203,0.0273
3.03275,0.29599,0.02698
3.03343,0.23658,0.02665
3.03478,0.2795,0.02743
3.03546,0.26776,0.02624
3.03614,0.25711,0.02633
3.03682,0.31635,0.02748
3.0375,0.34364,0.02679
3.03818,0.30073,0.02629
3.03885,0.21961,0.0256
3.03953,0.3147,0.02658
3.04021,0.28152,0.02632
3.04089,0.29076,0.02758
3.04156,0.28408,0.02724
3.04224,0.32315,0.02769
3.04292,0.28129,0.02792
3.0436,0.29024,0.02776
3.04428,0.31275,0.0283
3.04496,0.30342,0.02817
3.04564,0.35275,0.02741
3.04631,0.24428,0.02774
3.04699,0.31839,0.0279
3.04767,0.24572,0.02844
3.04835,0.33258,0.02831
3.04903,0.30165,0.02819
3.0497,0.26512,0.02811
3.05038,0.27989,0.02821
3.05106,0.3066,0.02716
3.05174,0.31782,0.02659
3.05242,0.27245,0.02585
3.0531,0.31639,0.0271
3.05377,0.32347,0.02717
3.05445,0.23438,0.02728
3.05513,0.3368,0.02677
3.05581,0.31676,0.02573
3.05648,0.24883,0.02714
3.05716,0.29412,0.02737
3.05784,0.31216,0.02861
3.05852,0.25904,0.02667
3.0592,0.35496,0.02758
3.05988,0.31217,0.02798
3.06055,0.29398,0.02836
3.06123,0.27765,0.02734
3.06191,0.25904,0.0268
3.06259,0.30491,0.02621
3.06326,0.31651,0.02705
3.06394,0.32324,0.02732
3.06462,0.29814,0.02687
3.0653,0.31803,0.02786
3.06598,0.28912,0.02718
3.06666,0.29084,0.02746
3.06734,0.29725,0.02663
3.06801,0.32264,0.02402
3.06869,0.26912,0.02807
3.06937,0.26254,0.0275
3.07072,0.25083,0.02975
3.0714,0.26598,0.02706
3.07208,0.27442,0.02783
3.07276,0.28895,0.02717
3.07343,0.27367,0.0266
3.07411,0.29032,0.02697
3.07479,0.32305,0.02818
3.07547,0.28243,0.02868
3.07615,0.31608,0.02687
3.07683,0.27927,0.02781
3.0775,0.32217,0.02757
3.07818,0.27366,0.02641
3.07886,0.27572,0.02647
3.07954,0.29336,0.02592
3.08022,0.27574,0.0258
3.08089,0.29134,0.02682
3.08157,0.27889,0.02603
3.08293,0.20943,0.0261
3.0836,0.20925,0.02748
3.08428,0.33246,0.02795
3.08496,0.23438,0.02575
3.08564,0.2744,0.02761
3.08632,0.26065,0.02808
3.08699,0.33927,0.02775
3.08767,0.29983,0.02899
3.08835,0.21235,0.02732
3.08903,0.33266,0.02837
3.08971,0.29117,0.02776
3.09039,0.27975,0.02706
3.09106,0.32728,0.02756
3.09174,0.26194,0.02763
3.09242,0.28186,0.02626
3.09309,0.30199,0.02752
3.09377,0.32323,0.02696
3.09445,0.32468,0.02655
3.09513,0.27958,0.02789
3.09581,0.30125,0.02765
3.09648,0.28482,0.02722
3.09716,0.26329,0.02656
3.09784,0.28677,0.02743
3.09852,0.29443,0.02658
3.09919,0.2948,0.0254
3.09987,0.26926,0.0258
3.10055,0.28585,0.02648
3.10123,0.25968,0.02493
3.10191,0.30295,0.02629
3.10258,0.30526,0.02744
3.10326,0.29274,0.02673
3.10394,0.27924,0.02511
3.10462,0.32604,0.02532
3.10529,0.24813,0.02628
3.10597,0.25316,0.02496
3.10665,0.3314,0.02695
3.10733,0.33836,0.0264
3.10801,0.30672,0.0274
3.10868,0.276,0.028
3.10936,0.29644,0.02657
3.11004,0.32809,0.02711
3.11072,0.29338,0.02723
3.11139,0.3168,0.02633
3.11207,0.281,0.02311
3.11275,0.32085,0.02746
3.11343,0.28751,0.02741
3.11411,0.31184,0.0271
3.11478,0.29711,0.0274
3.11546,0.31268,0.02736
3.11614,0.31637,0.02593
3.11682,0.30059,0.02753
3.11953,0.34979,0.02801
3.12021,0.28797,0.02533
3.12088,0.31345,0.02665
3.12156,0.31434,0.02689
3.12224,0.31588,0.02694
3.12292,0.24403,0.02668
3.12359,0.31752,0.02642
3.12427,0.26504,0.02629
3.12495,0.26194,0.02657
3.12562,0.29509,0.02704
3.1263,0.27862,0.02636
3.12698,0.25205,0.02549
3.12766,0.273,0.02765
3.12833,0.27804,0.02679
3.12901,0.31969,0.02749
3.12969,0.27317,0.02694
3.13037,0.36086,0.02893
3.13105,0.31232,0.02834
3.1324,0.25799,0.02757
3.13308,0.2988,0.02811
3.13376,0.29988,0.02648
3.13443,0.28314,0.02784
3.13511,0.21329,0.02868
3.13579,0.26945,0.02678
3.13647,0.24916,0.02588
3.13714,0.26502,0.02675
3.13782,0.27512,0.026
3.1385,0.27812,0.02672
3.13918,0.2726,0.02632
3.13986,0.25225,0.02567
3.14053,0.31242,0.02611
3.14121,0.294,0.02697
3.14189,0.27789,0.02786
3.14256,0.28603,0.02623
3.14324,0.31772,0.0264
3.14392,0.28114,0.02692
3.1446,0.29323,0.02609
3.14527,0.3138,0.02639
3.14595,0.26806,0.02645
3.14663,0.30899,0.02586
3.1473,0.23799,0.02739
3.14798,0.29212,0.02673
3.14866,0.31807,0.02795
3.14934,0.29373,0.02699
3.15002,0.28383,0.02631
3.15069,0.31694,0.02608
3.15137,0.34413,0.02651
3.15205,0.33264,0.02706
3.15273,0.30428,0.02717
3.15341,0.29842,0.02705
3.15408,0.28212,0.02755
3.15476,0.28249,0.02623
3.15544,0.27305,0.02676
3.15611,0.27756,0.02639
3.15679,0.33418,0.0286
3.15747,0.32094,0.02665
3.15815,0.31949,0.02801
3.1595,0.29676,0.02701
3.16018,0.24576,0.02597
3.16086,0.31141,0.02635
3.16153,0.34153,0.02778
3.16221,0.3023,0.02881
3.16289,0.31119,0.02712
3.16357,0.37089,0.0274
3.16424,0.33731,0.02621
3.16492,0.26168,0.02694
3.1656,0.25357,0.02701
3.16627,0.28175,0.0257
3.16695,0.35354,0.0272
3.16763,0.30376,0.02775
3.1683,0.28205,0.02414
3.16898,0.27686,0.02646
3.16966,0.30709,0.02647
3.17034,0.2995,0.02701
3.17102,0.28523,0.02675
3.17169,0.2943,0.02678
3.17237,0.20913,0.02618
3.17305,0.24938,0.02635
3.17373,0.24444,0.02589
3.1744,0.25043,0.0218
3.17508,0.37632,0.02829
3.17576,0.32794,0.02679
3.17643,0.31599,0.02666
3.17711,0.29311,0.02795
3.17779,0.27344,0.02737
3.17846,0.27739,0.02784
3.18117,0.3008,0.02692
3.18185,0.28638,0.0266
3.18253,0.27144,0.02802
3.18321,0.28792,0.02951
3.18388,0.2845,0.02626
3.18456,0.30789,0.02622
3.18524,0.31274,0.0274
3.18591,0.34698,0.02702
3.18659,0.3052,0.02687
3.18727,0.27826,0.02642
3.18795,0.34526,0.02635
3.18862,0.27955,0.02666
3.1893,0.31962,0.02728
3.18998,0.28965,0.02713
3.19066,0.30329,0.02668
3.19133,0.35485,0.02753
3.19201,0.32612,0.02708
3.19269,0.33068,0.0277
3.19404,0.24377,0.02481
3.19472,0.36458,0.02694
3.1954,0.31454,0.02692
3.19607,0.30961,0.02633
3.19675,0.33872,0.02729
3.19743,0.28986,0.0277
3.1981,0.31671,0.02722
3.19878,0.29896,0.02713
3.19946,0.26338,0.02745
3.20013,0.31424,0.02731
3.20081,0.30207,0.02743
3.20149,0.27603,0.02758
3.20284,0.3048,0.0265
3.20352,0.2673,0.02626
3.2042,0.27626,0.02734
3.20488,0.29665,0.02627
3.20555,0.33271,0.02652
3.20623,0.31589,0.02561
3.20691,0.27723,0.02629
3.20758,0.30152,0.02592
3.20826,0.30638,0.02606
3.20893,0.24976,0.02557
3.20961,0.32939,0.02554
3.21029,0.27962,0.02724
3.21097,0.30405,0.02653
3.21164,0.2949,0.02669
3.21232,0.30674,0.02658
3.213,0.28831,0.02517
3.21368,0.27981,0.0265
3.21435,0.32388,0.02722
3.21503,0.25425,0.02561
3.21571,0.3128,0.02609
3.21638,0.35292,0.02714
3.21706,0.29135,0.02738
3.21774,0.25898,0.02659
3.21842,0.26976,0.02712
3.21909,0.28541,0.02842
3.21977,0.34914,0.02748
3.22045,0.26738,0.02613
3.22112,0.26685,0.0279
3.2218,0.31082,0.02718
3.22247,0.32942,0.02741
3.22315,0.31069,0.02639
3.22383,0.32279,0.027
3.22451,0.21888,0.02726
3.22518,0.3336,0.02742
3.22586,0.32123,0.02818
3.22654,0.28914,0.02771
3.22721,0.2773,0.02766
3.22789,0.28249,0.02834
3.22857,0.30205,0.02805
3.22924,0.33133,0.02729
3.22992,0.30351,0.0272
3.2306,0.30063,0.02663
3.23128,0.27154,0.02703
3.23195,0.34693,0.02875
3.23263,0.31294,0.02826
3.23331,0.30291,0.02728
3.23398,0.29475,0.0268
3.23466,0.30568,0.02673
3.23534,0.29518,0.02795
3.23601,0.30121,0.02721
3.23669,0.331,0.02696
3.23737,0.30616,0.02713
3.23804,0.2759,0.02704
3.23872,0.32135,0.02622
3.23939,0.30132,0.02418
3.24075,0.25022,0.0272
3.24143,0.33016,0.0269
3.2421,0.25614,0.02621
3.24278,0.28099,0.02765
3.24346,0.2726,0.02704
3.24414,0.34495,0.02639
3.24481,0.25681,0.02655
3.24549,0.28444,0.0267
3.24617,0.3385,0.02733
3.24684,0.27367,0.02671
3.24752,0.32715,0.02638
3.2482,0.33495,0.02632
3.24887,0.28346,0.02662
3.24955,0.30702,0.02748
3.25022,0.31507,0.02591
3.2509,0.3069,0.02688
3.25158,0.35711,0.02627
3.25226,0.35871,0.02626
3.25293,0.35382,0.02596
3.25361,0.30621,0.02758
3.25429,0.32442,0.02726
3.25496,0.25056,0.0265
3.25564,0.30703,0.02657
3.25632,0.30024,0.02632
3.25699,0.3204,0.02701
3.25767,0.3469,0.02778
3.25835,0.28548,0.02738
3.25902,0.2665,0.02504
3.2597,0.22626,0.02461
3.26038,0.28602,0.02638
3.26105,0.26215,0.02643
3.26173,0.32814,0.02492
3.26241,0.35683,0.0264
3.26308,0.3444,0.02737
3.26444,0.32238,0.02748
3.26511,0.24278,0.02665
3.26579,0.30805,0.02617
3.26647,0.33186,0.02702
3.26714,0.29644,0.02624
3.26782,0.31433,0.02665
3.26849,0.28935,0.02736
3.26918,0.29627,0.02777
3.26985,0.30052,0.02729
3.27052,0.30561,0.02592
3.2712,0.26529,0.0264
3.27188,0.29044,0.02734
3.27255,0.29529,0.02708
3.27323,0.27673,0.02532
3.27391,0.26867,0.02656
3.27458,0.31314,0.02623
3.27526,0.27767,0.02618
3.27594,0.33077,0.02646
3.27661,0.29598,0.02667
3.27729,0.27671,0.02567
3.27797,0.28436,0.02646
3.27864,0.31292,0.02698
3.27932,0.3258,0.02723
3.28,0.32499,0.02639
3.28067,0.31592,0.02774
3.28135,0.27684,0.02692
3.28202,0.27196,0.0268
3.2827,0.27655,0.0269
3.28338,0.34978,0.02693
3.28405,0.30539,0.02586
3.28473,0.32094,0.02734
3.28541,0.31292,0.02703
3.28609,0.35883,0.02792
3.28676,0.29624,0.02699
3.28744,0.29165,0.02577
3.28811,0.30206,0.02629
3.28879,0.36305,0.0273
3.28946,0.28728,0.02561
3.29014,0.31951,0.02578
3.29082,0.30621,0.02588
3.2915,0.28306,0.02539
3.29217,0.29133,0.02733
3.29285,0.28666,0.02699
3.29352,0.31113,0.02698
3.2942,0.30141,0.02781
3.29488,0.33934,0.02673
3.29556,0.36228,0.02679
3.29623,0.3095,0.02676
3.29691,0.29916,0.02645
3.29758,0.31238,0.02632
3.29826,0.2684,0.02664
3.29894,0.30216,0.03157
3.29961,0.27476,0.02488
3.30029,0.30721,0.02635
3.30097,0.29959,0.02715
3.30164,0.31533,0.02787
3.30232,0.29261,0.02594
3.30299,0.26807,0.02665
3.30367,0.31022,0.02556
3.30435,0.31583,0.02585
3.30502,0.32065,0.02602
3.3057,0.31606,0.02672
3.30638,0.29008,0.02625
3.30705,0.29728,0.02629
3.30774,0.26803,0.02539
3.3084,0.24466,0.02599
3.30908,0.26488,0.02571
3.30976,0.267,0.02687
3.31044,0.27802,0.02606
3.31111,0.30068,0.02558
3.31179,0.31712,0.02662
3.31246,0.30494,0.02689
3.31314,0.29681,0.02707
3.31381,0.25439,0.02648
3.31449,0.3388,0.02705
3.31517,0.26369,0.02556
3.31584,0.28963,0.02691
3.31652,0.34467,0.02655
3.3172,0.2938,0.02675
3.31787,0.29552,0.02724
3.31855,0.27847,0.02559
3.31923,0.33903,0.02708
3.3199,0.30914,0.02824
3.32058,0.3041,0.0263
3.32125,0.26656,0.02703
3.32193,0.32117,0.02573
3.32328,0.35773,0.02612
3.32396,0.2894,0.02558
3.32463,0.28585,0.02568
3.32531,0.29319,0.02691
3.32599,0.28383,0.02676
3.32666,0.28743,0.02679
3.32802,0.29887,0.02588
3.32869,0.28919,0.02522
3.32937,0.27251,0.02663
3.33004,0.29228,0.02566
3.33072,0.26214,0.02653
3.3314,0.26629,0.02651
3.33207,0.33248,0.02663
3.33275,0.35162,0.02649
3.33342,0.2649,0.02583
3.3341,0.29282,0.02508
3.33478,0.28541,0.02625
3.33545,0.32279,0.02652
3.33613,0.31926,0.02544
3.3368,0.28193,0.02676
3.33748,0.28029,0.02705
3.33816,0.28969,0.02922
3.33883,0.28811,0.02753
3.33951,0.26376,0.02685
3.34019,0.31186,0.02724
3.34086,0.30253,0.02721
3.34154,0.31503,0.02562
3.34221,0.35835,0.02632
3.34289,0.28086,0.02792
3.34356,0.30915,0.027
3.34424,0.32629,0.02606
3.34492,0.29809,0.02704
3.34559,0.35259,0.02681
3.34627,0.27189,0.02657
3.34694,0.27926,0.02628
3.34762,0.31082,0.02596
3.34829,0.31425,0.02748
3.34897,0.29481,0.02634
3.34965,0.28418,0.02579
3.35032,0.31372,0.02584
3.351,0.34175,0.02758
3.35168,0.27439,0.0262
3.35235,0.29031,0.02604
3.35303,0.31535,0.02635
3.3537,0.28886,0.02666
3.35438,0.27828,0.02623
3.35506,0.34583,0.02807
3.35573,0.23694,0.02565
3.35641,0.28401,0.02647
3.35708,0.33316,0.02725
3.35776,0.32001,0.0257
3.35843,0.28813,0.02736
3.35911,0.33114,0.02661
3.35979,0.34105,0.02693
3.36046,0.28277,0.02656
3.36114,0.30076,0.02592
3.36181,0.30476,0.02667
3.36249,0.3121,0.02706
3.36316,0.27973,0.02762
3.36384,0.26577,0.02523
3.36452,0.26562,0.02733
3.36519,0.34037,0.02631
3.36654,0.29708,0.02613
3.36722,0.27412,0.02689
3.3679,0.29658,0.02606
3.36857,0.35582,0.02719
3.36925,0.32528,0.0265
3.36992,0.33214,0.02597
3.3706,0.26643,0.02607
3.37128,0.26029,0.02762
3.37195,0.31737,0.02674
3.3733,0.27285,0.02512
3.37398,0.26422,0.0254
3.37533,0.33826,0.02576
3.37601,0.26028,0.02687
3.37668,0.27955,0.0272
3.37736,0.27881,0.02716
3.37804,0.31243,0.02746
3.37871,0.32673,0.02542
3.37938,0.29803,0.02682
3.38006,0.2658,0.02741
3.38074,0.26228,0.02693
3.38141,0.30961,0.02659
3.38209,0.28576,0.02716
3.38276,0.28875,0.02724
3.38344,0.34756,0.02711
3.38412,0.30876,0.02622
3.38546,0.30765,0.02728
3.38614,0.29243,0.02636
3.38682,0.29462,0.02681
3.38749,0.37426,0.02631
3.38817,0.30464,0.02681
3.38884,0.30322,0.02621
3.38952,0.23305,0.02779
3.39019,0.3084,0.02621
3.39087,0.29306,0.02601
3.39155,0.28421,0.02652
3.39222,0.33104,0.0272
3.3929,0.24869,0.02743
3.39357,0.31758,0.02584
3.39425,0.25819,0.02611
3.39492,0.32822,0.02788
3.3956,0.33678,0.02824
3.39628,0.30691,0.02742
3.39695,0.28631,0.02729
3.39763,0.29096,0.02805
3.3983,0.32764,0.02709
3.39898,0.31842,0.02751
3.39965,0.32609,0.02647
3.40033,0.3008,0.02698
3.40101,0.2865,0.02563
3.40168,0.29337,0.02644
3.40236,0.27213,0.02619
3.40303,0.2522,0.02697
3.40371,0.30585,0.02697
3.40438,0.32708,0.02749
3.40506,0.28349,0.02797
3.40573,0.24708,0.02751
3.40641,0.27769,0.02764
3.40708,0.32889,0.02693
3.40776,0.3308,0.02681
3.40843,0.32213,0.02753
3.40911,0.27468,0.02775
3.40979,0.32139,0.02683
3.41046,0.29797,0.02633
3.41114,0.27436,0.02698
3.41181,0.31413,0.02689
3.41249,0.33178,0.02738
3.41316,0.3148,0.02756
3.41384,0.30715,0.02762
3.41451,0.3242,0.02858
3.41519,0.27164,0.02708
3.41587,0.28519,0.02843
3.41654,0.28356,0.02738
3.41722,0.26385,0.02669
3.41789,0.30485,0.0254
3.41857,0.29025,0.02656
3.41924,0.24964,0.02597
3.41992,0.26931,0.02597
3.42059,0.27686,0.02678
3.42127,0.34161,0.02659
3.42194,0.26603,0.02725
3.42262,0.34907,0.02552
3.4233,0.28101,0.02558
3.42397,0.31463,0.02683
3.42464,0.30648,0.02714
3.42532,0.30525,0.02671
3.426,0.31419,0.02578
3.42667,0.26958,0.02672
3.42735,0.27181,0.02702
3.42802,0.3076,0.02603
3.4287,0.3632,0.0273
3.42937,0.34764,0.02846
3.43005,0.32768,0.02663
3.43073,0.32472,0.02707
3.4314,0.29598,0.02549
3.43207,0.27335,0.02564
3.43275,0.27627,0.0281
3.4341,0.31152,0.02937
3.43477,0.30953,0.02595
3.43545,0.30547,0.02639
3.43613,0.25375,0.0264
3.4368,0.31868,0.02597
3.43748,0.27309,0.02536
3.43815,0.26073,0.02728
3.43883,0.35803,0.02645
3.4395,0.3156,0.02666
3.44018,0.29577,0.02756
3.44085,0.25953,0.02586
3.44221,0.3428,0.02691
3.44288,0.2895,0.02693
3.44355,0.35687,0.02694
3.44423,0.28063,0.02695
3.4449,0.35538,0.02702
3.44558,0.32307,0.0273
3.44626,0.30509,0.02582
3.44693,0.32023,0.02724
3.44761,0.29895,0.02608
3.44828,0.34196,0.02746
3.44895,0.26493,0.02679
3.44963,0.3198,0.02771
3.45031,0.31853,0.02666
3.45098,0.32165,0.02658
3.45166,0.30685,0.02715
3.45233,0.32545,0.02553
3.45301,0.33318,0.02671
3.45368,0.28254,0.0276
3.45436,0.30307,0.0267
3.45503,0.30347,0.02609
3.45571,0.24045,0.02814
3.45638,0.27445,0.02655
3.45706,0.23892,0.02577
3.45773,0.30841,0.03028
3.45908,0.28905,0.02941
3.45976,0.26009,0.02737
3.46043,0.29791,0.02782
3.46111,0.31795,0.02831
3.46178,0.29361,0.0261
3.46246,0.31073,0.02646
3.46313,0.2556,0.02712
3.46381,0.31216,0.02731
3.46448,0.30585,0.02605
3.46516,0.30572,0.02645
3.46583,0.2596,0.02666
3.46651,0.30877,0.02657
3.46718,0.31464,0.02712
3.46786,0.27971,0.02641
3.46853,0.29863,0.0266
3.46921,0.28142,0.02582
3.46988,0.32724,0.02649
3.47056,0.25896,0.02593
3.47123,0.30075,0.0271
3.47191,0.38437,0.02722
3.47258,0.32105,0.02573
3.47326,0.36419,0.02721
3.47393,0.28027,0.02611
3.47461,0.27447,0.02722
3.47528,0.31783,0.0269
3.47596,0.28157,0.02617
3.47663,0.30808,0.02643
3.47731,0.27527,0.02701
3.47798,0.28948,0.02648
3.47866,0.30794,0.02673
3.47933,0.30301,0.02716
3.48001,0.2804,0.0273
3.48068,0.31121,0.02769
3.48136,0.32779,0.0276
3.48203,0.29803,0.0269
3.48271,0.28713,0.02734
3.48338,0.30057,0.02623
3.48406,0.30462,0.02716
3.48473,0.29056,0.02795
3.48541,0.3253,0.02738
3.48608,0.32805,0.02678
3.48676,0.23066,0.02717
3.48743,0.28407,0.0265
3.4881,0.31586,0.02582
3.48878,0.3353,0.0269
3.48945,0.32888,0.02735
3.49013,0.32656,0.0278
3.49081,0.32926,0.02787
3.49148,0.28567,0.02764
3.49215,0.30142,0.02739
3.49283,0.31087,0.02552
3.4935,0.24846,0.02643
3.49418,0.27688,0.02786
3.49553,0.26215,0.02654
3.49621,0.29053,0.02625
3.49688,0.25171,0.02656
3.49755,0.27627,0.02684
3.4989,0.29667,0.02539
3.49958,0.33423,0.02634
3.50025,0.30161,0.02735
3.50093,0.29878,0.02632
3.5016,0.28347,0.02654
3.50227,0.29502,0.02769
3.50295,0.30127,0.02713
3.5043,0.31299,0.02696
3.50497,0.32301,0.02764
3.50565,0.32318,0.0268
3.50632,0.25397,0.02666
3.507,0.28591,0.02688
3.50767,0.31202,0.02743
3.50834,0.31452,0.0277
3.50902,0.32827,0.02716
3.50969,0.28715,0.0265
3.51037,0.34187,0.02765
3.51104,0.30336,0.02785
3.51172,0.30821,0.02748
3.51239,0.32774,0.02792
3.51307,0.26996,0.02617
3.51374,0.29878,0.02767
3.51442,0.3013,0.02638
3.51509,0.30371,0.02758
3.51577,0.31092,0.02766
3.51644,0.34434,0.02683
3.51712,0.3017,0.02789
3.51779,0.29145,0.02748
3.51847,0.28174,0.02544
3.51914,0.30397,0.02717
3.51981,0.35397,0.0275
3.52049,0.28689,0.02719
3.52117,0.32385,0.02782
3.52184,0.2855,0.02758
3.52252,0.25019,0.02715
3.52319,0.32022,0.02653
3.52386,0.28836,0.02746
3.52454,0.25917,0.02686
3.52521,0.28889,0.02722
3.52588,0.30164,0.0269
3.52656,0.31088,0.0264
3.52724,0.28213,0.02748
3.52791,0.29189,0.02565
3.52858,0.35959,0.0281
3.52926,0.37029,0.02844
3.52993,0.30102,0.0271
3.53061,0.32974,0.02711
3.53128,0.33572,0.02725
3.53196,0.32191,0.02814
3.53263,0.3398,0.02674
3.5333,0.3379,0.02699
3.53398,0.36803,0.02727
3.53465,0.27199,0.02728
3.536,0.28363,0.02693
3.53668,0.31036,0.02774
3.53735,0.33087,0.02803
3.53803,0.30933,0.02698
3.5387,0.30345,0.02739
3.53938,0.32136,0.0274
3.54005,0.31909,0.02623
3.54072,0.2681,0.02599
3.5414,0.28902,0.02765
3.54208,0.25485,0.02576
3.54275,0.30099,0.02747
3.54342,0.31058,0.02626
3.5441,0.30032,0.02695
3.54477,0.29844,0.0265
3.54544,0.34515,0.02791
3.54612,0.34267,0.02814
3.54679,0.26065,0.0279
3.54747,0.3304,0.0279
3.54814,0.32606,0.02635
3.54881,0.24571,0.02718
3.54949,0.34423,0.02733
3.55016,0.31536,0.02748
3.55084,0.27286,0.02643
3.55151,0.32418,0.02795
3.55219,0.30168,0.02724
3.55286,0.31044,0.0261
3.55353,0.26417,0.02674
3.55421,0.25961,0.02751
3.55556,0.32392,0.02728
3.55623,0.29437,0.02758
3.55691,0.29469,0.02774
3.55758,0.31779,0.02697
3.55826,0.28053,0.02764
3.55893,0.25635,0.0276
3.5596,0.28417,0.0262
3.56028,0.28037,0.02555
3.56095,0.27731,0.02715
3.56163,0.24625,0.02644
3.5623,0.28901,0.02844
3.56297,0.32532,0.02774
3.56365,0.27712,0.0271
3.56432,0.32986,0.02754
3.565,0.34157,0.02902
3.56567,0.28128,0.02608
3.56635,0.30622,0.02716
3.56702,0.31958,0.02796
3.56769,0.30426,0.02862
3.56837,0.25413,0.02789
3.56904,0.26053,0.02685
3.56972,0.30625,0.02758
3.57039,0.24212,0.02653
3.57106,0.30721,0.02833
3.57174,0.29101,0.02821
3.57241,0.24161,0.02774
3.57309,0.28129,0.02711
3.57376,0.33452,0.02722
3.57443,0.37053,0.02833
3.57511,0.34043,0.02801
3.57578,0.28381,0.02807
3.57646,0.29817,0.0285
3.57713,0.30196,0.02805
3.57781,0.28241,0.02782
3.57848,0.27919,0.02775
3.57916,0.33184,0.02797
3.57983,0.2412,0.0259
3.5805,0.27554,0.027
3.58118,0.36383,0.02808
3.58185,0.32357,0.0283
3.58252,0.33321,0.02867
3.5832,0.30004,0.02558
3.58387,0.31736,0.02613
3.58454,0.25907,0.02704
3.58522,0.27069,0.02894
3.58589,0.3102,0.02831
3.58657,0.27509,0.02749
3.58724,0.2623,0.02667
3.58791,0.2976,0.02824
3.58859,0.32367,0.02757
3.58926,0.3164,0.02883
3.58994,0.29404,0.02802
3.59061,0.31955,0.02763
3.59128,0.27146,0.02801
3.59196,0.26737,0.02796
3.59263,0.24478,0.02792
3.59331,0.33102,0.02716
3.59398,0.28264,0.02722
3.59465,0.24963,0.0264
3.59533,0.29691,0.02699
3.596,0.25389,0.02799
3.59668,0.2956,0.02787
3.59735,0.28353,0.02686
3.59802,0.29811,0.02777
3.5987,0.30415,0.02797
3.59937,0.30049,0.02775
3.60005,0.31374,0.02739
3.60072,0.3047,0.02736
3.60139,0.23373,0.02771
3.60207,0.24915,0.02719
3.60274,0.32333,0.02874
3.60341,0.28787,0.02698
3.60409,0.33578,0.02686
3.60476,0.3011,0.02726
3.60544,0.3501,0.02598
3.60678,0.34522,0.02834
3.60746,0.30636,0.027
3.60813,0.25461,0.02757
3.6088,0.32508,0.0282
3.60948,0.33812,0.02776
3.61082,0.26054,0.0277
3.6115,0.32831,0.02817
3.61218,0.24008,0.02792
3.61285,0.28166,0.02793
3.61352,0.32359,0.02778
3.6142,0.28643,0.02714
3.61487,0.30105,0.02766
3.61554,0.26721,0.02768
3.61622,0.27265,0.02828
3.61689,0.32259,0.02785
3.61756,0.32594,0.02708
3.61824,0.34716,0.02693
3.61892,0.32029,0.02745
3.61958,0.28225,0.0267
3.62026,0.25475,0.02807
3.62093,0.27982,0.02765
3.62161,0.27978,0.02725
3.62228,0.30986,0.02773
3.62295,0.24647,0.02652
3.62363,0.28411,0.02868
3.6243,0.26967,0.02804
3.62497,0.28308,0.02767
3.62564,0.33212,0.02898
3.62632,0.2619,0.0272
3.62699,0.32664,0.02736
3.62767,0.33217,0.02855
3.62834,0.27576,0.02858
3.62901,0.3025,0.02795
3.62969,0.2866,0.02873
3.63036,0.26422,0.02818
3.63104,0.34202,0.02816
3.63171,0.24363,0.02766
3.63238,0.36788,0.0288
3.63306,0.29064,0.02838
3.63373,0.24532,0.02813
3.6344,0.29362,0.02822
3.63508,0.27083,0.0278
3.63575,0.31532,0.02924
3.63643,0.31666,0.03002
3.6371,0.27746,0.02842
3.63777,0.31494,0.02857
3.63844,0.30207,0.02841
3.63979,0.235,0.02718
3.64047,0.28222,0.02967
3.64114,0.31862,0.02913
3.64181,0.29081,0.02797
3.64248,0.28708,0.02802
3.64316,0.29826,0.02893
3.64383,0.3385,0.02782
3.64518,0.2893,0.02845
3.64653,0.34341,0.02892
3.64787,0.31721,0.02808
3.64854,0.28145,0.02847
3.64922,0.25112,0.02775
3.64989,0.2942,0.02821
3.65057,0.29351,0.02715
3.65124,0.31292,0.0279
3.65192,0.3104,0.02865
3.65258,0.28018,0.02725
3.65326,0.30922,0.0277
3.65393,0.31245,0.02866
3.6546,0.27915,0.02801
3.65528,0.31568,0.02833
3.65595,0.28253,0.0285
3.65662,0.28955,0.02879
3.6573,0.30526,0.02823
3.65798,0.34122,0.02846
3.65932,0.28294,0.02708
3.65999,0.32698,0.02928
3.66067,0.25323,0.02807
3.66134,0.30944,0.02902
3.66201,0.26478,0.02877
3.66268,0.33698,0.02821
3.66336,0.30717,0.02804
3.66403,0.32434,0.02885
3.66471,0.27059,0.02742
3.66538,0.26413,0.02698
3.66672,0.28115,0.02819
3.6674,0.28607,0.02866
3.66807,0.29969,0.02793
3.66875,0.30067,0.02776
3.66942,0.30646,0.02801
3.67009,0.24982,0.02771
3.67076,0.29176,0.02865
3.67144,0.31795,0.02903
3.67211,0.29579,0.02849
3.67278,0.28795,0.02843
3.67346,0.25779,0.02813
3.67413,0.30646,0.0289
3.6748,0.32057,0.03004
3.67548,0.27263,0.02728
3.67615,0.23594,0.0286
3.67682,0.30951,0.02818
3.6775,0.29255,0.02903
3.67817,0.31485,0.02741
3.68019,0.284,0.02906
3.68086,0.2569,0.02944
3.68153,0.28436,0.02873
3.68221,0.32703,0.0281
3.68288,0.31796,0.0285
3.68355,0.27579,0.02846
3.68423,0.30527,0.0292
3.6849,0.36771,0.02818
3.68557,0.28149,0.02805
3.68625,0.32126,0.02898
3.68692,0.26712,0.02832
3.68759,0.32851,0.02751
3.68826,0.31489,0.02919
3.68894,0.30844,0.02884
3.68961,0.26606,0.0274
3.69028,0.29678,0.0279
3.69096,0.28571,0.0283
3.69163,0.3134,0.02747
3.6923,0.28872,0.02939
3.69298,0.30611,0.02785
3.69365,0.26807,0.02958
3.69432,0.25434,0.0284
3.695,0.28628,0.02607
3.69567,0.31074,0.02807
3.69634,0.28972,0.02895
3.69701,0.32716,0.02956
3.69769,0.30475,0.02951
3.69836,0.30416,0.03045
3.69903,0.30808,0.0289
3.69971,0.27755,0.02937
3.70038,0.31088,0.02846
3.70105,0.33002,0.02852
3.70172,0.26797,0.02897
3.70307,0.36521,0.02851
3.70374,0.32923,0.02897
3.70442,0.33605,0.02974
3.70509,0.33556,0.02894
3.70576,0.26887,0.02918
3.70643,0.29711,0.02956
3.70711,0.32059,0.02798
3.70778,0.34285,0.02884
3.70845,0.36549,0.02924
3.70913,0.29596,0.02934
3.7098,0.32442,0.02892
3.71047,0.26659,0.02932
3.71114,0.27649,0.02648
3.71181,0.33464,0.02815
3.71249,0.29543,0.02883
3.71316,0.28806,0.02832
3.71383,0.32227,0.02976
3.7145,0.29177,0.0273
3.71518,0.23338,0.02735
3.71585,0.34197,0.02915
3.71653,0.3148,0.02991
3.71787,0.28806,0.03019
3.82356,0.32424,0.03024
3.82423,0.28315,0.02961
3.8249,0.29275,0.02996
3.82557,0.32968,0.0306
3.82625,0.24596,0.02847
3.82692,0.32574,0.03097
3.82759,0.2623,0.02972
3.82826,0.33056,0.02978
3.82893,0.21994,0.02843
3.82961,0.32051,0.03028
3.83028,0.2558,0.02748
3.83095,0.25264,0.02981
3.83162,0.35652,0.02982
3.83229,0.27925,0.02982
3.83296,0.25097,0.02932
3.83363,0.23372,0.03007
3.83431,0.30231,0.0307
3.83498,0.27893,0.03052
3.83565,0.31191,0.02986
3.83632,0.2843,0.0299
3.83699,0.28971,0.02985
3.83766,0.27115,0.03052
3.83833,0.24185,0.03023
3.839,0.28651,0.03016
3.83968,0.29827,0.03067
3.84035,0.23077,0.02967
3.84102,0.33809,0.02877
3.84169,0.27296,0.03043
3.84236,0.2852,0.02994
3.84304,0.30017,0.02972
3.8437,0.27718,0.03005
3.84438,0.2864,0.02983
3.84505,0.34716,0.02972
3.84572,0.2734,0.03009
3.84639,0.29612,0.02977
3.84706,0.30387,0.03023
3.84774,0.3038,0.02971
3.8484,0.30434,0.03015
3.84908,0.26267,0.02922
3.84975,0.27337,0.03108
3.85042,0.31418,0.03068
3.85109,0.31296,0.02999
3.85176,0.32489,0.03087
3.85244,0.2888,0.03021
3.85311,0.30237,0.0301
3.85378,0.34659,0.03113
3.85445,0.23379,0.02907
3.85512,0.30984,0.0316
3.85579,0.30175,0.03118
3.85646,0.34736,0.03055
3.85714,0.28838,0.03107
3.85781,0.30073,0.03075
3.85848,0.27608,0.02993
3.85915,0.27701,0.02951
3.85982,0.33882,0.02949
3.86049,0.33468,0.02966
3.86116,0.31913,0.02982
3.86183,0.30499,0.03152
3.86251,0.22209,0.03043
3.86317,0.29261,0.03144
3.86385,0.2971,0.0305
3.86452,0.28709,0.03065
3.86519,0.33561,0.03115
3.86586,0.23923,0.03128
3.86653,0.28357,0.03111
3.8672,0.29154,0.03082
3.86788,0.25402,0.03078
3.86855,0.29437,0.03004
3.86922,0.29246,0.03084
3.86989,0.29946,0.0301
3.87056,0.31814,0.03121
3.87123,0.3271,0.03144
3.8719,0.33338,0.03189
3.87257,0.31525,0.03213
3.87325,0.27997,0.03129
3.87392,0.33495,0.0283
3.87459,0.29283,0.03069
3.87526,0.29471,0.03078
3.87593,0.31404,0.03085
3.8766,0.28403,0.03006
3.87727,0.2875,0.03207
3.87794,0.27784,0.02948
3.87862,0.25126,0.0304
3.87929,0.29997,0.03033
3.87996,0.27411,0.03085
3.88063,0.23562,0.03005
3.8813,0.29209,0.03059
3.88197,0.35372,0.03088
3.88264,0.28807,0.0316
3.88331,0.30024,0.02944
3.88398,0.27745,0.02969
3.88465,0.23034,0.03094
3.88533,0.28713,0.02997
3.886,0.28164,0.02937
3.88667,0.32414,0.03162
3.88734,0.27099,0.03034
3.88801,0.31305,0.0305
3.88868,0.27165,0.03142
3.88935,0.32771,0.0303
3.89002,0.36554,0.03076
3.89069,0.27933,0.03098
3.89137,0.3083,0.03021
3.89204,0.32527,0.03208
3.89271,0.32424,0.03205
3.89338,0.33059,0.03197
3.89405,0.33141,0.03263
3.89472,0.34441,0.03202
3.89539,0.25885,0.03132
3.89606,0.31048,0.02993
3.89673,0.2987,0.03091
3.89741,0.28073,0.03092
3.89807,0.25361,0.03103
3.89875,0.29602,0.03181
3.89942,0.27911,0.03179
3.90009,0.26461,0.0305
3.90076,0.32833,0.02998
3.90143,0.3312,0.03172
3.9021,0.24011,0.03071
3.90277,0.24821,0.02996
3.90344,0.32819,0.03183
3.90411,0.29102,0.0305
3.90479,0.28162,0.03096
3.90546,0.30889,0.03107
3.90613,0.33313,0.03032
3.90679,0.309,0.03151
3.90747,0.28032,0.03118
3.90814,0.25208,0.03175
3.90881,0.31038,0.03272
3.90948,0.28924,0.03091
3.91015,0.29524,0.03109
3.91082,0.30274,0.03125
3.91149,0.28298,0.03257
3.91216,0.29397,0.03378
3.91283,0.24818,0.03079
3.91351,0.31238,0.03265
3.91418,0.2826,0.0321
3.91485,0.30502,0.03267
3.91552,0.23364,0.02983
3.91619,0.29282,0.03188
3.91686,0.26154,0.03012
3.91753,0.23559,0.03113
3.9182,0.29683,0.03223
3.91887,0.25984,0.03122
3.91954,0.28843,0.03166
3.92021,0.29628,0.03202
3.92088,0.31329,0.03177
3.92155,0.2765,0.029
3.92222,0.27083,0.0302
3.92289,0.31182,0.03072
3.92357,0.30748,0.03196
3.92424,0.27955,0.03112
3.92491,0.31821,0.03149
3.92558,0.31623,0.03154
3.92625,0.22889,0.03155
3.92692,0.27631,0.03204
3.92759,0.31032,0.03133
3.92893,0.25029,0.03135
3.9296,0.30594,0.03068
3.93027,0.29841,0.03172
3.93094,0.24836,0.03053
3.93161,0.28335,0.03152
3.93228,0.31376,0.03231
3.93295,0.29909,0.03149
3.93363,0.38574,0.0321
3.9343,0.29652,0.03206
3.93497,0.33329,0.03141
3.93564,0.30757,0.03389
3.93631,0.32632,0.03181
3.93697,0.30663,0.03249
3.93765,0.2557,0.03079
3.93832,0.31473,0.03228
3.93899,0.27368,0.03041
3.93966,0.24536,0.03217
3.94033,0.28281,0.03154
3.941,0.35807,0.0316
3.94167,0.2542,0.03144
3.94234,0.30483,0.03125
3.94301,0.27234,0.03164
3.94368,0.27793,0.03336
3.94435,0.32472,0.03272
3.94502,0.28237,0.03114
3.94569,0.29071,0.03136
3.94636,0.28645,0.03134
3.94703,0.25791,0.03223
3.9477,0.2695,0.03295
3.94838,0.29937,0.0319
3.94904,0.27662,0.0312
3.94972,0.36973,0.03391
3.95039,0.35567,0.03298
3.95106,0.30273,0.03258
3.95173,0.29646,0.03159
3.9524,0.30632,0.03272
3.95307,0.3627,0.03145
3.95374,0.2721,0.03156
3.95441,0.27463,0.03125
3.95508,0.26377,0.03003
3.95575,0.31687,0.03233
3.95642,0.24564,0.03095
3.95709,0.32669,0.03266
3.95776,0.2723,0.03053
3.95843,0.28593,0.03229
3.9591,0.32453,0.03268
3.95977,0.32764,0.03322
3.96044,0.22928,0.03206
3.96111,0.32024,0.03198
3.96178,0.30653,0.03206
3.96245,0.30706,0.03142
3.96312,0.2828,0.03141
3.96379,0.30171,0.03253
3.96446,0.25308,0.03154
3.96513,0.27316,0.03268
3.9658,0.26555,0.03101
3.96647,0.30611,0.0318
3.96714,0.27146,0.03112
3.96781,0.26629,0.03198
3.96848,0.34383,0.03206
3.96916,0.30798,0.03228
3.96982,0.28706,0.03245
3.97049,0.25815,0.03198
3.97116,0.30161,0.03122
3.97183,0.35013,0.03218
3.9725,0.3143,0.03277
3.97318,0.2814,0.0334
3.97384,0.27112,0.03094
3.97451,0.25798,0.03269
3.97519,0.28513,0.03118
3.97586,0.28162,0.03291
3.97653,0.32356,0.03168
3.9772,0.26528,0.03228
3.97787,0.32539,0.03422
3.97853,0.25257,0.03264
3.97921,0.33591,0.03275
3.97988,0.31832,0.0332
3.98055,0.36661,0.03103
3.98121,0.30051,0.03168
3.98189,0.28584,0.03258
3.98256,0.2802,0.0341
3.98323,0.34832,0.03438
3.9839,0.28591,0.03312
3.98456,0.27479,0.03344
3.98524,0.34659,0.03344
3.98591,0.3762,0.03479
3.98658,0.25841,0.03348
3.98725,0.329,0.03303
3.98792,0.29303,0.03336
3.98858,0.29071,0.03308
3.98926,0.2555,0.03173
3.98993,0.33294,0.03506
3.9906,0.33534,0.03336
3.99127,0.28467,0.03507
3.99194,0.25525,0.03391
3.9926,0.27018,0.03144
3.99328,0.23313,0.03257
3.99395,0.30398,0.03222
3.99462,0.30684,0.03194
3.99528,0.26842,0.03321
3.99596,0.24498,0.03199
3.99662,0.31774,0.03308
3.99729,0.31816,0.03218
3.99796,0.31788,0.03228
3.99864,0.3292,0.03082
3.99931,0.29801,0.03282
3.99998,0.29549,0.03189
4.00064,0.30472,0.03183
4.00132,0.28116,0.03308
4.00198,0.33276,0.03235
4.00265,0.30447,0.0332
4.00332,0.25333,0.03207
4.00399,0.31388,0.03071
4.00467,0.30591,0.03391
4.00533,0.27389,0.03291
4.006,0.28205,0.0332
4.00667,0.29076,0.0334
4.00734,0.3275,0.03396
4.00801,0.32315,0.03199
4.00868,0.27723,0.03187
4.00935,0.30874,0.03381
4.01002,0.34377,0.03314
4.01069,0.2766,0.03109
4.01136,0.24058,0.03247
4.01203,0.22485,0.03122
4.0127,0.31206,0.03219
4.01337,0.38548,0.03422
4.01404,0.29193,0.03273
4.01471,0.26903,0.03318
4.01538,0.31406,0.03283
4.01605,0.33259,0.03423
4.01672,0.2672,0.03258
4.01739,0.31321,0.03493
4.01806,0.30152,0.03322
4.01873,0.34215,0.03325
4.0194,0.30131,0.03419
4.02007,0.24598,0.03253
4.02074,0.26124,0.03178
4.02141,0.32235,0.03157
4.02208,0.25744,0.03205
4.02274,0.30316,0.03296
4.02342,0.24904,0.03299
4.02408,0.29725,0.03363
4.02476,0.38073,0.03325
4.02542,0.33574,0.03277
4.02609,0.30969,0.0338
4.02676,0.27081,0.03311
4.02743,0.25117,0.03374
4.0281,0.33103,0.03168
4.02877,0.24188,0.03332
4.02944,0.32804,0.03215
4.03011,0.25838,0.03299
4.03078,0.28062,0.0347
4.03145,0.28453,0.03297
4.03212,0.32975,0.03327
4.03279,0.30265,0.03283
4.03346,0.31111,0.03379
4.03413,0.35009,0.03443
4.0348,0.28578,0.03234
4.03547,0.29799,0.03322
4.03614,0.28192,0.03302
4.03681,0.29746,0.03475
4.03748,0.27643,0.03292
4.03814,0.3184,0.03365
4.03881,0.34099,0.03459
4.03948,0.36312,0.03436
4.04015,0.29481,0.03315
4.04082,0.27491,0.03421
4.04149,0.22786,0.03398
4.04216,0.33373,0.03423
4.04283,0.33351,0.0345
4.0435,0.20943,0.03387
4.04417,0.22006,0.03501
4.04484,0.25657,0.03595
4.04551,0.25684,0.03405
4.04618,0.30931,0.03392
4.04685,0.25362,0.03369
4.04752,0.36003,0.03358
4.04819,0.30023,0.0326
4.04885,0.23914,0.03128
4.04952,0.28416,0.03445
4.05019,0.30076,0.03449
4.05086,0.21661,0.03469
4.05153,0.29931,0.03401
4.0522,0.28758,0.03403
4.05287,0.29184,0.03382
4.05354,0.25486,0.0337
4.05421,0.22713,0.03249
4.05488,0.27763,0.03309
4.05555,0.32529,0.0344
4.05622,0.29318,0.03404
4.05689,0.31293,0.03363
4.05756,0.33776,0.03452
4.05823,0.32711,0.03379
4.05889,0.20425,0.0308
4.05956,0.30065,0.03434
4.06024,0.34717,0.03739
4.0609,0.3271,0.03479
4.06157,0.29364,0.03528
4.06224,0.25832,0.03356
4.06291,0.28504,0.03498
4.06358,0.25729,0.03375
4.06425,0.24045,0.03492
4.06492,0.30279,0.03387
4.06559,0.28031,0.03097
4.06625,0.30472,0.0328
4.06693,0.31898,0.03391
4.0676,0.25885,0.03465
4.06893,0.28208,0.03441
4.0696,0.23071,0.03512
4.07027,0.34474,0.03415
4.07094,0.34317,0.03452
4.07161,0.25063,0.0331
4.07228,0.33064,0.03587
4.07295,0.29288,0.0338
4.07361,0.28849,0.03518
4.07428,0.31507,0.03666
4.07495,0.27877,0.03593
4.07562,0.3597,0.03496
4.07629,0.30609,0.03497
4.07696,0.30198,0.03437
4.07763,0.29652,0.03336
4.0783,0.27569,0.03512
4.07897,0.29084,0.0352
4.07964,0.30908,0.03492
4.08031,0.26388,0.03341
4.08097,0.27583,0.03478
4.08165,0.27457,0.03471
4.08231,0.27123,0.03418
4.08298,0.30647,0.03669
4.08365,0.20883,0.03717
4.08432,0.27159,0.03469
4.08499,0.32395,0.03587
4.08566,0.3226,0.03674
4.08633,0.22515,0.03442
4.087,0.2689,0.03459
4.08766,0.29552,0.03651
4.08833,0.31046,0.03578
4.089,0.29455,0.03592
4.08967,0.31928,0.03557
4.09034,0.2694,0.03275
4.09101,0.34636,0.03557
4.09168,0.32316,0.03441
4.09235,0.32121,0.0343
4.09302,0.23635,0.03495
4.09368,0.25289,0.03569
4.09435,0.29751,0.03655
4.09502,0.29567,0.03614
4.09569,0.23074,0.03435
4.09636,0.27129,0.03468
4.09703,0.24316,0.03424
4.0977,0.28336,0.03371
4.09837,0.27925,0.0349
4.09904,0.31543,0.03484
4.0997,0.3171,0.03467
4.10037,0.3089,0.0348
4.10104,0.27185,0.0341
4.10171,0.21488,0.0341
4.10238,0.29959,0.03577
4.10305,0.22231,0.0339
4.10372,0.28918,0.03518
4.10438,0.29448,0.03457
4.10505,0.26106,0.03585
4.10572,0.28786,0.03462
4.10639,0.30324,0.03333
4.10706,0.31438,0.03313
4.10773,0.27772,0.03368
4.1084,0.28867,0.03534
4.10907,0.3415,0.04011
4.10973,0.26327,0.03573
4.1104,0.24132,0.03493
4.11107,0.28964,0.03675
4.11174,0.32726,0.0342
4.11241,0.31012,0.03609
4.11308,0.22992,0.03531
4.11375,0.29612,0.03407
4.11442,0.32905,0.03439
4.11508,0.28052,0.0353
4.11575,0.29578,0.03451
4.11642,0.29432,0.03568
4.11709,0.3175,0.03493
4.11776,0.26493,0.0326
4.11843,0.31215,0.03439
4.11909,0.34495,0.03516
4.11976,0.27814,0.03502
4.12043,0.32233,0.03702
4.1211,0.30207,0.03554
4.12177,0.28824,0.03693
4.12244,0.30403,0.03758
4.12311,0.31596,0.03633
4.12378,0.28476,0.03535
4.12445,0.24238,0.03514
4.12511,0.31488,0.03619
4.12578,0.32137,0.03567
4.12645,0.26653,0.03456
4.12712,0.3104,0.03533
4.12779,0.24757,0.0373
4.12846,0.23868,0.03621
4.12912,0.27853,0.03715
4.12979,0.29638,0.0351
4.13046,0.2913,0.03701
4.13113,0.30159,0.03689
4.1318,0.32932,0.03668
4.13246,0.31841,0.03499
4.13313,0.35012,0.03656
4.1338,0.23777,0.03717
4.13447,0.27871,0.03597
4.13514,0.27129,0.03571
4.13581,0.288,0.03584
4.13647,0.22362,0.03611
4.13714,0.30494,0.03659
4.13781,0.32349,0.03634
4.13848,0.28166,0.03592
4.13915,0.31049,0.03654
4.13982,0.30111,0.03792
4.14048,0.3657,0.03622
4.14116,0.28371,0.03581
4.14182,0.27889,0.0351
4.14249,0.29829,0.03676
4.14316,0.29836,0.03576
4.14383,0.28883,0.03742
4.1445,0.25793,0.03518
4.14516,0.28004,0.03449
4.14583,0.3009,0.03558
4.1465,0.34525,0.03671
4.14717,0.2957,0.03699
4.14784,0.29698,0.03645
4.14851,0.25708,0.03507
4.14917,0.32509,0.03668
4.14984,0.28382,0.03688
4.15051,0.29348,0.0363
4.15118,0.3232,0.03627
4.15185,0.32132,0.03626
4.15251,0.32521,0.03648
4.15318,0.31908,0.03584
4.15385,0.30494,0.03629
4.15452,0.28746,0.0347
4.15519,0.27626,0.03598
4.15585,0.29085,0.03597
4.15652,0.26351,0.03568
4.15719,0.32708,0.03561
4.15786,0.33646,0.03588
4.15853,0.23561,0.03725
4.1592,0.35446,0.038
4.15987,0.26905,0.03548
4.16053,0.2838,0.03807
4.1612,0.32648,0.0363
4.16187,0.27521,0.03708
4.16254,0.28834,0.03633
4.16321,0.33165,0.03753
4.16387,0.21077,0.03392
4.16454,0.33591,0.0364
4.16521,0.33961,0.03754
4.16588,0.26188,0.03668
4.16655,0.36456,0.03755
4.16721,0.32294,0.03866
4.16788,0.3443,0.03703
4.16855,0.30015,0.03612
4.16922,0.33144,0.03767
4.16989,0.31875,0.03841
4.17055,0.32109,0.03682
4.17122,0.25457,0.03796
4.17189,0.30709,0.0377
4.17256,0.32256,0.03682
4.17322,0.32623,0.03661
4.17389,0.34705,0.03645
4.17456,0.31675,0.03619
4.17523,0.3529,0.03977
4.17589,0.27868,0.03626
4.17657,0.25305,0.0369
4.17723,0.2498,0.0362
4.1779,0.29759,0.03719
4.17857,0.2723,0.03588
4.17924,0.33745,0.03832
4.1799,0.27961,0.0361
4.18057,0.28903,0.03678
4.18124,0.26939,0.03689
4.18191,0.26801,0.03631
4.18258,0.30798,0.03787
4.18324,0.27513,0.03777
4.18391,0.31727,0.03786
4.18458,0.28775,0.03798
4.18525,0.27195,0.03515
4.18592,0.37553,0.03782
4.18658,0.20569,0.03498
4.18725,0.28946,0.03741
4.18792,0.25655,0.03737
4.18859,0.34395,0.03786
4.18926,0.33815,0.03563
4.18992,0.27212,0.03709
4.19059,0.26313,0.03775
4.19126,0.36963,0.03804
4.19193,0.32068,0.03818
4.1926,0.3343,0.03121
4.19326,0.28327,0.03802
4.19393,0.21689,0.03612
4.1946,0.27327,0.03752
4.19526,0.31359,0.03718
4.19593,0.23941,0.03643
4.1966,0.28469,0.03729
4.19727,0.38954,0.03916
4.19794,0.31699,0.0386
4.1986,0.37718,0.03742
4.19927,0.30206,0.03677
4.19994,0.31248,0.03803
4.20061,0.28668,0.03661
4.20127,0.29981,0.03477
4.20194,0.29368,0.03548
4.20261,0.31496,0.03805
4.20328,0.32725,0.04033
4.20394,0.28999,0.03943
4.20461,0.32588,0.0396
4.2053,0.32104,0.03724
4.20595,0.30772,0.03894
4.20661,0.28025,0.03724
4.20728,0.2991,0.03754
4.20795,0.28329,0.03606
4.20862,0.30891,0.03861
4.20928,0.31849,0.03841
4.20995,0.27837,0.03971
4.21062,0.31122,0.03748
4.21129,0.359,0.0364
4.21196,0.30141,0.03752
4.21262,0.25576,0.03819
4.21329,0.34626,0.04138
4.21396,0.25039,0.04012
4.21462,0.38874,0.03549
4.21529,0.33568,0.03842
4.21596,0.28997,0.03615
4.21663,0.21212,0.03733
4.2173,0.31343,0.03745
4.21797,0.27535,0.03469
4.21863,0.22578,0.03593
4.2193,0.31102,0.03803
4.21997,0.265,0.03869
4.22063,0.27178,0.03671
4.2213,0.2986,0.03846
4.22197,0.29037,0.03879
4.22263,0.33946,0.03828
4.2233,0.30037,0.03875
4.22397,0.28549,0.0371
4.22464,0.22721,0.03688
4.22531,0.2806,0.0379
4.22597,0.28932,0.03781
4.22664,0.25986,0.03851
4.22731,0.2828,0.03768
4.22798,0.27308,0.03765
4.22864,0.28969,0.03797
4.22931,0.30431,0.03883
4.22997,0.2836,0.03758
4.23064,0.28114,0.03873
4.23131,0.3019,0.03701
4.23198,0.34897,0.03704
4.23264,0.32816,0.03816
4.23331,0.33653,0.0394
4.23398,0.21793,0.03781
4.23464,0.30585,0.03731
4.23531,0.31244,0.03754
4.23598,0.31277,0.03824
4.23665,0.26807,0.03842
4.23732,0.31701,0.03758
4.23798,0.23962,0.03776
4.23865,0.3482,0.0376
4.23932,0.27816,0.03563
4.23999,0.30401,0.03869
4.24065,0.29387,0.03849
4.24131,0.41539,0.03986
4.24199,0.38629,0.04141
4.24265,0.27167,0.03497
4.24332,0.28903,0.03947
4.24399,0.37956,0.03832
4.24466,0.23215,0.03856
4.24532,0.3884,0.0374
4.24599,0.25705,0.03786
4.24666,0.24256,0.03165
4.24732,0.29559,0.03816
4.24799,0.32643,0.03729
4.24866,0.25803,0.0387
4.24932,0.30831,0.03718
4.24999,0.27698,0.03932
4.25066,0.29844,0.03776
4.25133,0.31931,0.0396
4.25199,0.28926,0.03919
4.25266,0.28718,0.03878
4.25333,0.32063,0.03965
4.25399,0.27615,0.03785
4.25466,0.27528,0.03979
4.25533,0.29034,0.03749
4.25599,0.3099,0.03757
4.25666,0.34067,0.03894
4.25733,0.25952,0.03757
4.258,0.27795,0.03912
4.25867,0.33868,0.03856
4.25933,0.30433,0.03853
4.26,0.27705,0.03732
4.26066,0.34696,0.0413
4.26133,0.31318,0.03792
4.262,0.29981,0.03854
4.26266,0.27919,0.03802
4.26333,0.25496,0.03958
4.264,0.31183,0.04265
4.26467,0.35367,0.03844
4.26533,0.32415,0.0377
4.266,0.32152,0.03746
4.26667,0.31939,0.03878
4.26733,0.29003,0.03811
4.268,0.26992,0.03848
4.26867,0.29134,0.03753
4.26933,0.24615,0.04046
4.27,0.38114,0.03967
4.27067,0.26571,0.03762
4.27133,0.35355,0.03891
4.272,0.31068,0.04228
4.27267,0.27951,0.03876
4.27334,0.32829,0.03812
4.274,0.31395,0.03877
4.27467,0.31356,0.03912
4.27533,0.26057,0.03765
4.27601,0.2993,0.0394
4.27667,0.32064,0.03925
4.27734,0.32742,0.03798
4.278,0.39397,0.03652
4.27867,0.27373,0.03811
4.27934,0.27922,0.03813
4.28,0.25964,0.03794
4.28067,0.31715,0.03995
4.28134,0.27919,0.03905
4.282,0.2434,0.03924
4.28267,0.24227,0.03993
4.28334,0.24543,0.03916
4.284,0.31684,0.04059
4.28467,0.20532,0.03787
4.28534,0.30986,0.03812
4.286,0.25723,0.03798
4.28667,0.28212,0.03888
4.28734,0.3224,0.03998
4.288,0.2893,0.03975
4.28867,0.27114,0.03755
4.28934,0.30477,0.04034
4.29,0.27937,0.03952
4.29067,0.33717,0.04086
4.29134,0.28787,0.03874
4.292,0.29644,0.03971
4.29267,0.35233,0.04142
4.29333,0.37561,0.04119
4.294,0.35415,0.04007
4.29467,0.3235,0.04089
4.29533,0.31941,0.04197
4.298,0.30594,0.04172
4.29867,0.3548,0.04088
4.29934,0.30133,0.04046
4.3,0.27667,0.04087
4.30067,0.31774,0.04012
4.30134,0.2976,0.04153
4.302,0.28939,0.04227
4.30267,0.32362,0.04224
4.30333,0.32235,0.04223
4.304,0.30668,0.0401
4.30467,0.29466,0.04045
4.30533,0.2957,0.04055
4.306,0.25698,0.04156
4.30666,0.29254,0.0392
4.30733,0.25537,0.04034
4.308,0.25068,0.04133
4.30866,0.32664,0.04105
4.30933,0.3221,0.03998
4.31,0.21652,0.03405
4.31066,0.26915,0.03936
4.31133,0.29116,0.04128
4.312,0.28327,0.04027
4.31266,0.2849,0.03906
4.31333,0.28032,0.04015
4.314,0.29414,0.04199
4.31466,0.22421,0.04084
4.31532,0.32855,0.04093
4.31599,0.31396,0.0429
4.31666,0.26434,0.04183
4.31733,0.27686,0.04322
4.31799,0.3324,0.04266
4.31866,0.38606,0.04123
4.31933,0.28469,0.04196
4.31999,0.26226,0.04329
4.32066,0.30392,0.04179
4.32132,0.30489,0.04224
4.32199,0.29948,0.04084
4.32266,0.26938,0.03946
4.32332,0.21768,0.04242
4.32399,0.34781,0.04226
4.32466,0.39225,0.04299
4.32532,0.31302,0.04219
4.32599,0.30475,0.04163
4.32665,0.28675,0.04214
4.32732,0.28647,0.04074
4.32799,0.31221,0.04172
4.32865,0.30574,0.04387
4.32932,0.30378,0.04236
4.32998,0.24947,0.041
4.33065,0.20989,0.04206
4.33132,0.31091,0.04219
4.33198,0.28867,0.03964
4.33265,0.345,0.04204
4.33332,0.33188,0.04243
4.33398,0.22744,0.0398
4.33465,0.32395,0.04143
4.33531,0.30741,0.04125
4.33598,0.30567,0.04255
4.33665,0.29635,0.04239
4.33731,0.30519,0.04046
4.33797,0.23276,0.03944
4.33864,0.27039,0.04159
4.33931,0.36838,0.04142
4.33997,0.29498,0.0421
4.34064,0.2223,0.04226
4.34131,0.33563,0.04228
4.34197,0.28712,0.04135
4.34264,0.37013,0.04153
4.3433,0.24624,0.04172
4.34397,0.3471,0.04278
4.34464,0.28027,0.04284
4.3453,0.26851,0.04172
4.34597,0.36744,0.04325
4.34664,0.40737,0.04338
4.3473,0.32166,0.04266
4.34797,0.30567,0.04415
4.34863,0.23245,0.0416
4.3493,0.32263,0.04317
4.34997,0.21048,0.04229
4.35063,0.25411,0.04367
4.3513,0.35252,0.04585
4.35196,0.25243,0.04255
4.35263,0.32588,0.04181
4.35329,0.41684,0.04481
4.35396,0.28233,0.0437
4.35463,0.36485,0.04425
4.35529,0.40516,0.0417
4.35596,0.22782,0.04197
4.35662,0.32658,0.04266
4.35729,0.31727,0.04221
4.35796,0.30369,0.04404
4.35862,0.27752,0.04252
4.35929,0.26415,0.04294
4.35995,0.25328,0.04364
4.36062,0.27512,0.04423
4.36128,0.27513,0.04356
4.36195,0.31311,0.04223
4.36262,0.3338,0.04343
4.36328,0.31958,0.04529
4.36395,0.26532,0.04484
4.36461,0.26446,0.04322
4.36528,0.36197,0.0442
4.36595,0.31669,0.04219
4.36661,0.25561,0.04155
4.36728,0.31267,0.04498
4.36794,0.34839,0.04218
4.36861,0.33829,0.04267
4.36927,0.31755,0.04166
4.36994,0.29517,0.04273
4.3706,0.33645,0.04174
4.37127,0.3017,0.04427
4.37193,0.28222,0.04456
4.3726,0.29241,0.04189
4.37327,0.35248,0.04361
4.37393,0.28491,0.03743
4.3746,0.35321,0.04382
4.37526,0.34845,0.04488
4.37593,0.26098,0.04117
4.3766,0.36183,0.04463
4.37726,0.31744,0.04379
4.37792,0.26268,0.04342
4.37859,0.3124,0.04486
4.37926,0.32836,0.04495
4.37992,0.26674,0.04487
4.38059,0.24005,0.04268
4.38125,0.31027,0.04381
4.38192,0.28324,0.04445
4.38258,0.30664,0.04287
4.38325,0.19786,0.04245
4.38391,0.25225,0.04149
4.38458,0.32662,0.04169
4.38525,0.2334,0.0426
4.38591,0.33291,0.04628
4.38658,0.31592,0.04521
4.38724,0.2733,0.04231
4.38791,0.316,0.04269
4.38857,0.27949,0.04336
4.38924,0.34809,0.04324
4.3899,0.25639,0.04363
4.39057,0.23107,0.04354
4.39124,0.32755,0.04433
4.3919,0.29541,0.04223
4.39257,0.29918,0.04332
4.39323,0.26481,0.04353
4.3939,0.27477,0.04598
4.39456,0.30414,0.04386
4.39523,0.23971,0.04297
4.39589,0.21367,0.04316
4.39656,0.30239,0.0459
4.39722,0.35733,0.04619
4.39789,0.25429,0.04383
4.39855,0.28975,0.04678
4.39922,0.3324,0.04338
4.39989,0.25713,0.04271
4.40055,0.30029,0.04431
4.40121,0.28944,0.0448
4.40188,0.23216,0.04388
4.40255,0.34953,0.04718
4.40321,0.28176,0.04675
4.40388,0.3413,0.0415
4.40454,0.3022,0.04941
4.4052,0.38256,0.04581
4.40587,0.36189,0.0462
4.40654,0.31983,0.04599
4.4072,0.1688,0.04623
4.40787,0.30485,0.04684
4.40853,0.23901,0.04562
4.4092,0.30269,0.04396
4.40986,0.20925,0.04593
4.41053,0.3357,0.04653
4.41119,0.28455,0.04753
4.41186,0.26876,0.04558
4.41252,0.33874,0.04498
4.41319,0.28558,0.04584
4.41385,0.24798,0.0459
4.41452,0.2286,0.04525
4.41518,0.25659,0.04691
4.41585,0.34707,0.04737
4.41651,0.2957,0.04564
4.41718,0.25581,0.04383
4.41784,0.24552,0.04637
4.41851,0.32981,0.04578
4.41918,0.24587,0.04215
4.41984,0.25061,0.04499
4.4205,0.25884,0.04749
4.42117,0.26775,0.04813
4.42184,0.26323,0.04569
4.4225,0.33929,0.04567
4.42316,0.28894,0.04591
4.42383,0.33433,0.04367
4.42449,0.28525,0.04455
4.42516,0.34035,0.04842
4.42582,0.26079,0.04662
4.42649,0.307,0.04467
4.42715,0.36089,0.04249
4.42782,0.33712,0.04279
4.42848,0.26397,0.04522
4.42914,0.29078,0.04568
4.42981,0.24692,0.04534
4.43048,0.33845,0.04866
4.43114,0.3325,0.04447
4.43181,0.26979,0.04368
4.43248,0.29108,0.04304
4.43314,0.23017,0.04636
4.4338,0.29146,0.04509
4.43447,0.25236,0.04729
4.43513,0.27534,0.04799
4.4358,0.27229,0.0457
4.43646,0.31906,0.04692
4.43713,0.25939,0.04595
4.43779,0.22576,0.04428
4.43846,0.34582,0.04686
4.43912,0.36195,0.04812
4.43979,0.33247,0.048
4.44045,0.33062,0.04966
4.44112,0.29547,0.04698
4.44178,0.25005,0.04322
4.44245,0.29331,0.04496
4.44311,0.32696,0.042
4.44378,0.19453,0.04392
4.44444,0.26858,0.04816
4.44511,0.30961,0.04789
4.44577,0.24514,0.04334
4.44643,0.35921,0.04598
4.4471,0.30705,0.0449
4.44776,0.34867,0.04396
4.44843,0.31598,0.04542
4.44909,0.29707,0.04641
4.44976,0.21113,0.04242
4.45042,0.28602,0.04923
4.45109,0.29833,0.04582
4.45175,0.24491,0.0434
4.45242,0.24864,0.044
4.45308,0.36417,0.04862
4.45374,0.26233,0.04469
4.45441,0.23937,0.04565
4.45507,0.27086,0.04563
4.45574,0.37971,0.04742
4.4564,0.27796,0.04617
4.45707,0.31615,0.04528
4.45773,0.27636,0.04507
4.4584,0.30621,0.0478
4.45906,0.31829,0.04909
4.45973,0.41297,0.04654
4.46039,0.28709,0.04657
4.46105,0.35076,0.04779
4.46172,0.39045,0.04706
4.46238,0.26449,0.04564
4.46305,0.31458,0.04317
4.46371,0.37682,0.04493
4.46438,0.28867,0.04569
4.46503,0.35917,0.04531
4.4657,0.31974,0.04837
4.46637,0.33488,0.04794
4.46703,0.36275,0.04896
4.4677,0.3024,0.04606
4.46836,0.26169,0.0444
4.46903,0.33795,0.04578
4.46969,0.28743,0.0474
4.47036,0.34275,0.04678
4.47102,0.23184,0.04864
4.47168,0.29196,0.04843
4.47235,0.27631,0.04741
4.47301,0.24164,0.04599
4.47368,0.26557,0.0443
4.47434,0.29721,0.04568
4.47501,0.35319,0.04707
4.47567,0.33083,0.04882
4.47634,0.32788,0.04994
4.477,0.15739,0.04262
4.47767,0.21614,0.04846
4.47833,0.18931,0.04462
4.47899,0.29473,0.04556
4.47966,0.29852,0.04424
4.48032,0.33848,0.04717
4.48099,0.33509,0.04815
4.48165,0.26455,0.04702
4.48232,0.27513,0.04773
4.48298,0.32814,0.048
4.48364,0.31729,0.04762
4.48431,0.28123,0.04402
4.48497,0.28506,0.04978
4.48563,0.29053,0.04808
4.4863,0.34324,0.04716
4.48696,0.2496,0.04704
4.48763,0.24832,0.04742
4.48829,0.328,0.0445
4.48895,0.22013,0.04733
4.48962,0.31387,0.05034
4.49028,0.28677,0.05054
4.49095,0.3475,0.04615
4.49161,0.27514,0.04655
4.49228,0.34664,0.04603
4.49294,0.38715,0.04866
4.49361,0.307,0.04801
4.49427,0.22375,0.04697
4.49493,0.30817,0.05041
4.4956,0.34501,0.05113
4.49626,0.20308,0.04557
4.49693,0.47831,0.04858
4.49759,0.29326,0.04894
4.49825,0.22365,0.04736
4.49892,0.22172,0.04547
4.49958,0.32972,0.04607
4.50025,0.34471,0.05036
4.50091,0.28421,0.05066
4.50157,0.2634,0.04583
4.50224,0.34383,0.04603
4.50291,0.23121,0.04687
4.50357,0.33665,0.04833
4.50423,0.32555,0.04598
4.50489,0.28288,0.05
4.50556,0.28191,0.04875
4.50622,0.2745,0.04888
4.50688,0.31284,0.04787
4.50755,0.3174,0.04673
4.50821,0.32866,0.04868
4.50888,0.20014,0.0463
4.50954,0.36502,0.04829
4.5102,0.27631,0.04487
4.51087,0.36413,0.04148
4.51153,0.26804,0.0474
4.5122,0.304,0.04783
4.51286,0.32611,0.05101
4.51352,0.3569,0.04921
4.51419,0.36521,0.04831
4.51485,0.34053,0.0493
4.51551,0.33969,0.04696
4.51618,0.35716,0.0496
4.51684,0.29425,0.04775
4.51751,0.28333,0.04443
4.51817,0.31621,0.04826
4.51884,0.22881,0.04665
4.5195,0.16953,0.04855
4.52016,0.23845,0.04662
4.52083,0.4198,0.05031
4.52149,0.31819,0.05051
4.52215,0.26836,0.04859
4.52281,0.28203,0.04855
4.52348,0.38041,0.05035
4.52414,0.29662,0.04948
4.52481,0.38009,0.053
4.52547,0.27481,0.04782
4.52613,0.23483,0.04922
4.5268,0.30162,0.04888
4.52746,0.29093,0.05027
4.52812,0.29563,0.05122
4.52945,0.36845,0.04723
4.53012,0.3431,0.04598
4.53078,0.29349,0.04973
4.53144,0.35553,0.04306
4.53211,0.323,0.05165
4.53277,0.30737,0.05228
4.53343,0.29323,0.05079
4.5341,0.30389,0.04966
4.53476,0.34145,0.0477
4.53542,0.27856,0.04736
4.53609,0.2843,0.04775
4.53675,0.34244,0.04968
4.53742,0.31318,0.04769
4.53808,0.28199,0.04797
4.53874,0.15253,0.05031
4.5394,0.27478,0.04921
4.54007,0.31899,0.05165
4.54073,0.25654,0.05037
4.54139,0.33432,0.04984
4.54206,0.22647,0.04908
4.54272,0.281,0.0494
4.54339,0.2923,0.04825
4.54405,0.29207,0.04761
4.54471,0.31806,0.05135
4.54537,0.30398,0.05212
4.54604,0.40905,0.05009
4.5467,0.2816,0.05026
4.54737,0.32672,0.04961
4.54803,0.33381,0.04586
4.54869,0.31969,0.04897
4.54936,0.28607,0.04954
4.55002,0.29887,0.04641
4.55068,0.22172,0.04872
4.55135,0.20054,0.05021
4.55201,0.33225,0.0529
4.55267,0.25165,0.05026
4.55334,0.3066,0.04811
4.554,0.2849,0.04792
4.55467,0.30092,0.04844
4.55532,0.31077,0.04806
4.55599,0.28522,0.04747
4.55665,0.30833,0.04915
4.55732,0.22286,0.04744
4.55798,0.44058,0.05142
4.55864,0.28312,0.04877
4.55931,0.31969,0.05024
4.55997,0.19377,0.04512
4.56063,0.26401,0.04784
4.5613,0.30555,0.05113
4.56196,0.24701,0.05074
4.56262,0.26717,0.05034
4.56329,0.2694,0.05102
4.56461,0.34138,0.05054
4.56528,0.29139,0.048
4.56594,0.33072,0.05117
4.5666,0.26902,0.04883
4.56726,0.26448,0.05046
4.56793,0.28963,0.04998
4.56859,0.323,0.05028
4.56925,0.39778,0.05099
4.56991,0.30574,0.05136
4.57058,0.27149,0.05002
4.57124,0.2759,0.05139
4.5719,0.24211,0.04525
4.57256,0.22501,0.04731
4.57323,0.37339,0.05117
4.57389,0.28581,0.05132
4.57456,0.30861,0.05099
4.57522,0.28395,0.04852
4.57588,0.28107,0.05359
4.57655,0.31529,0.04937
4.57721,0.34521,0.05029
4.57787,0.26209,0.04308
4.57853,0.26252,0.04776
4.5792,0.30903,0.05087
4.57986,0.18909,0.04953
4.58052,0.25659,0.05239
4.58119,0.25578,0.05047
4.58185,0.38142,0.04832
4.58251,0.34321,0.05073
4.58317,0.2091,0.04786
4.58384,0.29514,0.05022
4.5845,0.28912,0.05056
4.58516,0.26478,0.05011
4.58648,0.38563,0.04957
4.58715,0.32288,0.05208
4.58782,0.37987,0.05157
4.58848,0.30216,0.05117
4.58914,0.24969,0.05214
4.5898,0.32012,0.05489
4.59047,0.27961,0.05144
4.59113,0.25309,0.04839
4.59179,0.27722,0.05057
4.59245,0.28133,0.04702
4.59312,0.32563,0.05084
4.59378,0.31718,0.05136
4.59444,0.29679,0.05211
4.5951,0.29798,0.05521
4.59577,0.31355,0.05378
4.59643,0.21004,0.047
4.59709,0.34984,0.04963
4.59775,0.28088,0.04978
4.59842,0.25372,0.05085
4.59908,0.37354,0.05351
4.59974,0.32897,0.0491
4.6004,0.29094,0.04801
4.60107,0.24421,0.04943
4.60173,0.2602,0.05161
4.6024,0.28412,0.0531
4.60306,0.3276,0.05264
4.60372,0.33338,0.0502
4.60438,0.3013,0.05537
4.60504,0.31935,0.05232
4.60571,0.24451,0.04734
4.60637,0.29746,0.05015
4.60703,0.33671,0.04951
4.6077,0.29449,0.04867
4.60836,0.25438,0.04898
4.60902,0.35811,0.05288
4.60968,0.25656,0.05476
4.61034,0.28646,0.05261
4.61101,0.24649,0.05048
4.61167,0.26577,0.04761
4.61233,0.34804,0.05049
4.61299,0.33482,0.04792
4.61366,0.25368,0.05139
4.61432,0.28966,0.05152
4.61498,0.27017,0.05196
4.61564,0.19334,0.05143
4.61631,0.2985,0.05341
4.61697,0.25032,0.05153
4.61763,0.23728,0.0501
4.61829,0.3411,0.05071
4.61896,0.27708,0.04908
4.61962,0.2581,0.0506
4.62028,0.36059,0.05291
4.62094,0.28515,0.05016
4.6216,0.26717,0.05075
4.62227,0.27216,0.04909
4.62293,0.37327,0.05232
4.62359,0.22791,0.05025
4.62426,0.24498,0.04899
4.62491,0.41911,0.05339
4.62558,0.30236,0.05325
4.62624,0.2609,0.05237
4.6269,0.3244,0.0521
4.62757,0.25979,0.04114
4.62822,0.25875,0.0478
4.62889,0.25571,0.04851
4.62955,0.19815,0.04965
4.63021,0.20673,0.05769
4.63088,0.28844,0.05241
4.63154,0.27921,0.05076
4.6322,0.20727,0.05111
4.63286,0.17171,0.0529
4.63352,0.40658,0.05437
4.63419,0.26086,0.05204
4.63485,0.28591,0.05191
4.63551,0.27987,0.05164
4.63617,0.28256,0.05277
4.63683,0.25828,0.05343
4.63749,0.24432,0.05208
4.63816,0.2711,0.05214
4.63882,0.27705,0.04411
4.63948,0.30945,0.05362
4.64015,0.30445,0.05086
4.64081,0.28137,0.05427
4.64147,0.25243,0.04987
4.64213,0.36956,0.05084
4.64279,0.21732,0.0507
4.64345,0.37822,0.05144
4.64412,0.2188,0.05431
4.64478,0.19828,0.04981
4.64544,0.25832,0.05308
4.6461,0.29778,0.05197
4.64677,0.27252,0.04361
4.64743,0.28977,0.04997
4.64809,0.31802,0.05129
4.64875,0.34312,0.052
4.64941,0.29719,0.05183
4.65008,0.25099,0.05199
4.65074,0.25774,0.05122
4.6514,0.25263,0.0511
4.65206,0.29876,0.05217
4.65272,0.36381,0.05582
4.65339,0.27034,0.05333
4.65405,0.26645,0.05225
4.65471,0.23985,0.04686
4.65537,0.2728,0.05093
4.65603,0.29012,0.04785
4.65669,0.28758,0.05147
4.65736,0.26036,0.05301
4.65802,0.24013,0.05174
4.65868,0.34576,0.05295
4.65934,0.26059,0.05228
4.66,0.33193,0.05511
4.66066,0.29652,0.05488
4.66133,0.36233,0.0539
4.66199,0.27215,0.05216
4.66265,0.25825,0.04877
4.66331,0.3168,0.05265
4.66397,0.21545,0.04501
4.66463,0.28652,0.05096
4.6653,0.27958,0.05358
4.66596,0.2407,0.05096
4.66662,0.33511,0.05534
4.66728,0.29235,0.05563
4.66795,0.30254,0.05394
4.66861,0.23898,0.05253
4.66927,0.30054,0.05248
4.66993,0.3058,0.0482
4.67059,0.32297,0.05089
4.67125,0.30237,0.05404
4.67191,0.34981,0.05274
4.67258,0.25387,0.05159
4.67324,0.35675,0.05434
4.6739,0.36179,0.054
4.67456,0.33703,0.0557
4.67522,0.23428,0.05333
4.67588,0.27937,0.05079
4.67654,0.38239,0.05285
4.67721,0.31154,0.05151
4.67787,0.38611,0.0523
4.67853,0.35137,0.05659
4.67919,0.31697,0.05183
4.67985,0.29555,0.0533
4.68051,0.1758,0.04635
4.68117,0.3862,0.05746
4.68183,0.34503,0.05285
4.6825,0.35611,0.05491
4.68316,0.2941,0.0522
4.68382,0.38696,0.05355
4.68448,0.2572,0.05146
4.68514,0.30009,0.05306
4.68581,0.30887,0.05394
4.68646,0.29612,0.05402
4.68713,0.35475,0.05161
4.68779,0.30577,0.05155
4.68845,0.27574,0.05419
4.68911,0.34854,0.053
4.68978,0.35418,0.05504
4.69043,0.26557,0.05013
4.6911,0.28319,0.0561
4.69176,0.22357,0.05219
4.69242,0.32999,0.05182
4.69308,0.22826,0.04688
4.69374,0.23567,0.05261
4.69441,0.38032,0.05386
4.69506,0.266,0.05346
4.69572,0.27019,0.05296
4.69639,0.26015,0.05038
4.69705,0.3256,0.05404
4.69771,0.31671,0.05349
4.69837,0.26182,0.05495
4.69903,0.34952,0.05547
4.69969,0.31734,0.0559
4.70035,0.25425,0.05269
4.70167,0.41551,0.0539
4.70234,0.36624,0.05495
4.703,0.33817,0.05615
4.70366,0.39236,0.05542
4.70432,0.21133,0.04941
4.70498,0.25889,0.05402
4.70564,0.25316,0.05457
4.7063,0.19195,0.05128
4.70696,0.22652,0.05389
4.70762,0.34579,0.05548
4.70828,0.27942,0.05481
4.70895,0.2556,0.05502
4.70961,0.27204,0.0544
4.71027,0.22888,0.0515
4.71093,0.25838,0.05303
4.71159,0.26692,0.0542
4.71225,0.30636,0.05169
4.71291,0.32636,0.0526
4.71357,0.28603,0.05344
4.71423,0.32322,0.05306
4.71489,0.30093,0.05339
4.71556,0.20671,0.05088
4.71622,0.33732,0.05392
4.71688,0.36176,0.0535
4.71754,0.32586,0.05396
4.7182,0.30096,0.05527
4.71886,0.2056,0.05287
4.71953,0.26573,0.05418
4.72019,0.34939,0.05486
4.72084,0.24876,0.05399
4.72151,0.27071,0.05263
4.72217,0.24209,0.05414
4.72283,0.20731,0.05143
4.72349,0.28546,0.0526
4.72415,0.29295,0.05259
4.72481,0.31282,0.05496
4.72547,0.32543,0.05374
4.72613,0.26506,0.05691
4.72679,0.2983,0.05427
4.72745,0.31825,0.05935
4.72811,0.24566,0.05055
4.72878,0.32583,0.05085
4.72944,0.20221,0.04944
4.73009,0.22589,0.04765
4.73075,0.29277,0.04978
4.73142,0.26773,0.0521
4.73208,0.33079,0.05151
4.73274,0.37828,0.05465
4.7334,0.28279,0.05706
4.73406,0.26736,0.05478
4.73472,0.26261,0.05366
4.73538,0.22567,0.0552
4.73604,0.35317,0.05493
4.7367,0.23444,0.05284
4.73736,0.25058,0.05011
4.73802,0.25719,0.05292
4.73869,0.24191,0.05269
4.73935,0.21767,0.05317
4.74001,0.24005,0.05463
4.74067,0.32321,0.0567
4.74133,0.32289,0.05343
4.74199,0.25249,0.05647
4.74265,0.2884,0.05091
4.74331,0.34812,0.05383
4.74463,0.27789,0.05414
4.74529,0.2484,0.05798
4.74595,0.24361,0.05516
4.74661,0.29801,0.05429
4.74727,0.34103,0.05346
4.74793,0.32016,0.05499
4.74859,0.38653,0.0573
4.74925,0.25228,0.05111
4.74991,0.32105,0.05721
4.75057,0.25631,0.05562
4.75124,0.23191,0.05433
4.75189,0.27565,0.05506
4.75256,0.24084,0.04736
4.75321,0.27342,0.05465
4.75388,0.26381,0.05346
4.75454,0.36993,0.05687
4.7552,0.33864,0.05668
4.75586,0.40211,0.06121
4.75652,0.34218,0.05496
4.75718,0.22039,0.0528
4.75784,0.30752,0.05567
4.7585,0.40317,0.05688
4.75916,0.27933,0.05646
4.75982,0.25676,0.05337
4.76048,0.29572,0.05509
4.76114,0.27296,0.05248
4.7618,0.19534,0.05289
4.76246,0.24647,0.05502
4.76312,0.30334,0.05553
4.76378,0.16462,0.04799
4.76444,0.23074,0.0565
4.7651,0.25784,0.04961
4.76576,0.43584,0.0581
4.76642,0.34814,0.06022
4.76708,0.2925,0.05651
4.76774,0.3784,0.05626
4.7684,0.23917,0.05451
4.76907,0.30673,0.05589
4.76972,0.28811,0.05379
4.77038,0.1953,0.0535
4.77104,0.27355,0.05734
4.7717,0.29874,0.05558
4.77236,0.27545,0.05572
4.77302,0.30083,0.05531
4.77368,0.38379,0.05571
4.77434,0.30863,0.05542
4.775,0.34263,0.05678
4.77566,0.44002,0.05673
4.77632,0.25013,0.05455
4.77699,0.22251,0.05318
4.77764,0.30953,0.05644
4.77831,0.31437,0.05477
4.77896,0.23852,0.05576
4.77962,0.24838,0.0591
4.78028,0.24335,0.05665
4.78094,0.29769,0.05607
4.7816,0.25504,0.0541
4.78226,0.38258,0.05812
4.78293,0.29427,0.05749
4.78358,0.30115,0.06077
4.78424,0.20134,0.05797
4.7849,0.34864,0.05573
4.78556,0.21603,0.05317
4.78622,0.26089,0.05461
4.78688,0.20293,0.05274
4.78754,0.19901,0.05355
4.7882,0.25062,0.05417
4.78886,0.24518,0.05273
4.78952,0.30477,0.05683
4.79018,0.30167,0.05594
4.79084,0.23221,0.05402
4.7915,0.30899,0.05502
4.79216,0.19835,0.0539
4.79282,0.17042,0.05642
4.79348,0.36304,0.05951
4.79414,0.27608,0.05921
4.7948,0.29053,0.05552
4.79546,0.31393,0.05744
4.79612,0.22486,0.05393
4.79678,0.30472,0.05848
4.79744,0.31217,0.05559
4.7981,0.28051,0.05578
4.79876,0.30344,0.04818
4.79942,0.24617,0.0559
4.80008,0.25191,0.05424
4.80074,0.42767,0.06083
4.8014,0.30579,0.05954
4.80206,0.35729,0.05986
4.80272,0.28845,0.05956
4.80338,0.36656,0.05892
4.80404,0.29499,0.05621
4.8047,0.40293,0.05762
4.80536,0.14553,0.06019
4.80602,0.20699,0.05063
4.80667,0.28607,0.05525
4.80734,0.41853,0.05791
4.80799,0.26693,0.05469
4.80865,0.33993,0.05763
4.80931,0.30304,0.05825
4.80997,0.29691,0.0585
4.81063,0.33166,0.0549
4.81129,0.34655,0.0583
4.81195,0.27742,0.05872
4.81261,0.37752,0.05845
4.81327,0.3474,0.0592
4.81393,0.29814,0.05858
4.81459,0.30706,0.05689
4.81525,0.37071,0.05924
4.81591,0.22317,0.05156
4.81657,0.31225,0.06017
4.81723,0.36026,0.05775
4.81789,0.26099,0.05596
4.81855,0.39694,0.05597
4.8192,0.32165,0.05789
4.81986,0.33961,0.06029
4.82052,0.26593,0.05621
4.82118,0.26513,0.05508
4.82184,0.26219,0.04503
4.8225,0.30639,0.05742
4.82316,0.3181,0.05819
4.82382,0.30379,0.06133
4.82448,0.34356,0.05956
4.82514,0.23374,0.05684
4.82579,0.25595,0.05658
4.82646,0.24708,0.05097
4.82712,0.29894,0.05877
4.82778,0.23357,0.05663
4.82844,0.15044,0.05309
4.82909,0.40371,0.05871
4.82975,0.21194,0.05474
4.83041,0.23847,0.05656
4.83107,0.19933,0.05379
4.83173,0.314,0.05663
4.83239,0.26121,0.05621
4.83305,0.31178,0.06258
4.83371,0.24664,0.06321
4.83437,0.24756,0.05614
4.83503,0.21264,0.0581
4.83568,0.25182,0.0578
4.83634,0.305,0.06153
4.83701,0.42228,0.05985
4.83766,0.30649,0.05883
4.83832,0.26533,0.05779
4.83898,0.39126,0.05737
4.83964,0.28747,0.05864
4.84162,0.26859,0.05812
4.84228,0.33432,0.06104
4.84294,0.28486,0.05836
4.84359,0.21489,0.06142
4.84425,0.28574,0.057
4.84491,0.23958,0.05855
4.84557,0.26948,0.05728
4.84623,0.27254,0.05864
4.84689,0.17201,0.05549
4.84754,0.15257,0.05872
4.84821,0.29831,0.05764
4.84886,0.30111,0.0555
4.84953,0.25177,0.05844
4.85018,0.47732,0.06114
4.85084,0.26887,0.0577
4.8515,0.28313,0.05554
4.85216,0.27582,0.05718
4.85282,0.2885,0.06188
4.85348,0.2393,0.06086
4.85414,0.39902,0.06241
4.85479,0.32297,0.06085
4.85545,0.28333,0.05945
4.85611,0.2754,0.06015
4.85677,0.23781,0.05962
4.85743,0.27429,0.0603
4.85809,0.25812,0.05606
4.85875,0.26743,0.05798
4.85941,0.28343,0.05806
4.86007,0.32899,0.05665
4.86072,0.40777,0.05734
4.86138,0.37569,0.05952
4.86204,0.24942,0.05776
4.8627,0.4249,0.05877
4.86336,0.35314,0.06218
4.86402,0.1935,0.05835
4.86467,0.28732,0.05476
4.86533,0.24897,0.05836
4.86599,0.29157,0.0636
4.86665,0.38547,0.0587
4.86731,0.34857,0.05938
4.86797,0.22756,0.05535
4.86863,0.29951,0.05682
4.86929,0.24395,0.05944
4.86994,0.37252,0.05795
4.8706,0.31788,0.0576
4.87126,0.23327,0.0586
4.87192,0.25881,0.06672
4.87258,0.18634,0.05645
4.87324,0.24353,0.05828
4.87389,0.29234,0.06062
4.87455,0.21117,0.05723
4.87522,0.24248,0.05946
4.87587,0.32002,0.06456
4.87653,0.31664,0.06276
4.87719,0.28538,0.05919
4.87785,0.29957,0.0564
4.87851,0.34648,0.06023
4.87916,0.23914,0.06077
4.87982,0.29337,0.05852
4.88048,0.4572,0.05962
4.88114,0.30425,0.06058
4.8818,0.38421,0.06089
4.88246,0.32796,0.05935
4.88311,0.34543,0.058
4.88377,0.17116,0.0566
4.88443,0.3398,0.06218
4.88509,0.34218,0.06107
4.88575,0.22804,0.05983
4.8864,0.45008,0.0609
4.88706,0.32176,0.05889
4.88772,0.44795,0.06005
4.88838,0.23517,0.06042
4.88904,0.24278,0.05797
4.8897,0.35749,0.05938
4.89036,0.34221,0.06221
4.89101,0.27316,0.06175
4.89167,0.41346,0.05848
4.89233,0.28605,0.05893
4.89299,0.31162,0.06235
4.89365,0.27529,0.06664
4.89431,0.25276,0.06365
4.89496,0.30289,0.06209
4.89562,0.33664,0.06223
4.89628,0.33849,0.06185
4.89694,0.27901,0.05958
4.89759,0.28862,0.06193
4.89826,0.39292,0.06493
4.89891,0.36456,0.05629
4.89957,0.32055,0.0641
4.90023,0.29618,0.05618
4.90089,0.28147,0.05754
4.90154,0.29108,0.05894
4.9022,0.30059,0.05846
4.90286,0.27161,0.05823
4.90352,0.32249,0.05868
4.90417,0.25138,0.05186
4.90484,0.34536,0.06215
4.90549,0.34433,0.06157
4.90615,0.35297,0.05916
4.90681,0.33368,0.0606
4.90746,0.24466,0.06048
4.90812,0.31371,0.06116
4.90878,0.30514,0.06054
4.90944,0.37807,0.06328
4.9101,0.29028,0.05732
4.91075,0.34101,0.06033
4.91142,0.32377,0.0603
4.91207,0.33511,0.0574
4.91273,0.30457,0.06274
4.91338,0.20492,0.06129
4.91404,0.19726,0.05857
4.9147,0.3738,0.06177
4.91536,0.27483,0.05959
4.91602,0.30485,0.0531
4.91667,0.3304,0.05852
4.91733,0.26914,0.05915
4.91799,0.21366,0.05489
4.91865,0.29403,0.05996
4.91931,0.3241,0.05947
4.91996,0.34445,0.06291
4.92062,0.39468,0.06686
4.92128,0.28756,0.06368
4.92194,0.35414,0.06054
4.9226,0.23024,0.05721
4.92326,0.34655,0.06164
4.92391,0.27045,0.05653
4.92457,0.32565,0.06009
4.92522,0.25515,0.06469
4.92588,0.33253,0.06173
4.92654,0.2756,0.06472
4.9272,0.19994,0.06134
4.92786,0.22991,0.06125
4.92851,0.26668,0.0597
4.92917,0.32815,0.06364
4.92983,0.23817,0.05826
4.93049,0.34896,0.06028
4.93114,0.21797,0.05826
4.9318,0.23456,0.06215
4.93246,0.39321,0.06326
4.93311,0.23188,0.05912
4.93377,0.27542,0.05918
4.93443,0.35832,0.06239
4.93509,0.25194,0.05951
4.93575,0.31451,0.06338
4.93641,0.30367,0.0653
4.93706,0.31213,0.06098
4.93772,0.34831,0.06379
4.93838,0.14902,0.0648
4.93903,0.44221,0.06106
4.93969,0.36599,0.05842
4.94035,0.22591,0.05661
4.94101,0.30195,0.05963
4.94166,0.36634,0.06147
4.94232,0.39088,0.06237
4.94298,0.33355,0.06392
4.94364,0.31008,0.06062
4.94429,0.30998,0.06226
4.94495,0.25931,0.06134
4.94561,0.26602,0.06019
4.94626,0.27233,0.06089
4.94693,0.21353,0.0617
4.94758,0.38008,0.06416
4.94824,0.30473,0.06496
4.94889,0.30557,0.06482
4.94955,0.2778,0.06186
4.95021,0.26517,0.06239
4.95087,0.33497,0.06037
4.95152,0.28008,0.06122
4.95284,0.31102,0.06224
4.95349,0.2572,0.06329
4.95415,0.22732,0.06379
4.95481,0.13909,0.05891
4.95547,0.25035,0.05761
4.95613,0.25308,0.06005
4.95678,0.39065,0.06321
4.95744,0.21276,0.0656
4.95809,0.32174,0.0617
4.95875,0.3475,0.06445
4.95941,0.3232,0.06125
4.96007,0.23436,0.06544
4.96072,0.17464,0.06477
4.96138,0.3143,0.06122
4.96204,0.26533,0.06419
4.96269,0.37805,0.05875
4.96335,0.25757,0.05903
4.96401,0.29543,0.06092
4.96467,0.25074,0.0607
4.96532,0.23157,0.05669
4.96598,0.22376,0.062
4.96664,0.27281,0.06197
4.96729,0.23272,0.06439
4.96795,0.17686,0.05358
4.96861,0.41978,0.0704
4.96926,0.24825,0.06225
4.96992,0.44677,0.06557
4.97058,0.35064,0.06294
4.97123,0.26981,0.05982
4.97189,0.32283,0.06709
4.97255,0.25601,0.06463
4.97321,0.33164,0.06397
4.97386,0.27181,0.05972
4.97452,0.23854,0.05927
4.97517,0.21906,0.06063
4.97583,0.25748,0.06125
4.97649,0.25488,0.05967
4.97715,0.17884,0.05887
4.9778,0.30645,0.06283
4.97846,0.25661,0.07025
4.97912,0.3946,0.06692
4.97977,0.27929,0.06392
4.98043,0.33372,0.06336
4.98108,0.29162,0.06076
4.98174,0.30468,0.0658
4.9824,0.37306,0.0667
4.98306,0.21983,0.06196
4.98371,0.3261,0.06575
4.98437,0.21909,0.06336
4.98503,0.30591,0.05816
4.98568,0.28186,0.06306
4.98634,0.16053,0.05938
4.987,0.31331,0.05989
4.98765,0.28545,0.06353
4.98831,0.29713,0.06245
4.98897,0.19133,0.06209
4.98962,0.45098,0.06979
4.99028,0.44963,0.06733
4.99094,0.38398,0.06833
4.99159,0.27532,0.06659
4.99225,0.23702,0.06243
4.99291,0.24891,0.05935
4.99356,0.2988,0.05974
4.99422,0.30116,0.06267
4.99487,0.31206,0.06513
4.99553,0.43356,0.06205
4.99619,0.2681,0.06434
4.99684,0.31995,0.06158
4.9975,0.20526,0.05828
4.99815,0.2923,0.06528
4.99881,0.31656,0.06258
4.99947,0.27373,0.06711
5.00013,0.43852,0.06977
5.00078,0.31079,0.06488
5.00144,0.35762,0.06963
5.00209,0.33789,0.06748
5.00341,0.39772,0.06936
5.00407,0.39331,0.06723
5.00472,0.42624,0.06505
5.00538,0.18081,0.06356
5.00603,0.2843,0.06507
5.00669,0.25183,0.06762
5.00734,0.20077,0.0645
5.008,0.34234,0.06638
5.00866,0.27493,0.06776
5.00931,0.2531,0.06491
5.00997,0.32918,0.06493
5.01063,0.23851,0.06585
5.01128,0.26466,0.06682
5.01194,0.30427,0.06468
5.0126,0.17496,0.05695
5.01325,0.30143,0.06587
5.01391,0.23672,0.06185
5.01456,0.43122,0.06761
5.01522,0.34208,0.06961
5.01587,0.38614,0.06488
5.01653,0.33929,0.06642
5.01719,0.27494,0.06212
5.01784,0.40575,0.07364
5.0185,0.47512,0.07084
5.01915,0.40363,0.06641
5.01981,0.27096,0.06564
5.02047,0.31306,0.06615
5.02113,0.26958,0.06531
5.02178,0.27517,0.06989
5.02244,0.25868,0.06414
5.02309,0.26832,0.06414
5.02375,0.30289,0.05859
5.0244,0.26753,0.06736
5.02506,0.41249,0.06399
5.02571,0.2262,0.06743
5.02637,0.52045,0.06539
5.02703,0.23244,0.05838
5.02768,0.19539,0.06578
5.02834,0.32719,0.07045
5.029,0.3943,0.06533
5.02965,0.29943,0.06593
5.03031,0.23569,0.06892
5.03096,0.30415,0.06783
5.03162,0.33822,0.07074
5.03227,0.3357,0.07755
5.03293,0.34656,0.06795
5.03358,0.39476,0.06693
5.03424,0.2963,0.06691
5.0349,0.27246,0.06517
5.03555,0.30581,0.0641
5.03621,0.24334,0.06597
5.03686,0.26422,0.06648
5.03752,0.16367,0.05995
5.03818,0.31443,0.05945
5.03883,0.32045,0.06405
5.03948,0.33483,0.06886
5.04014,0.3084,0.07106
5.0408,0.27863,0.06762
5.04145,0.27808,0.06448
5.04211,0.35922,0.06825
5.04277,0.26654,0.06823
5.04342,0.33407,0.06721
5.04408,0.36062,0.0684
5.04473,0.28997,0.06775
5.04539,0.23791,0.06431
5.04604,0.39199,0.06753
5.0467,0.36416,0.06912
5.04735,0.25828,0.06785
5.04866,0.23944,0.06542
5.04932,0.29858,0.06554
5.04997,0.23769,0.06102
5.05063,0.18255,0.05964
5.05129,0.2359,0.06598
5.05194,0.23362,0.06472
5.05259,0.39611,0.06747
5.05325,0.1661,0.06273
5.05391,0.32623,0.06827
5.05456,0.44124,0.0732
5.05522,0.35511,0.07166
5.05587,0.39417,0.0672
5.05653,0.29997,0.0615
5.05718,0.26755,0.06722
5.05784,0.20847,0.06291
5.0585,0.28085,0.06404
5.05915,0.15316,0.06692
5.05981,0.34946,0.06884
5.06046,0.21873,0.0652
5.06112,0.25756,0.06569
5.06177,0.30543,0.06056
5.06243,0.3691,0.06869
5.06308,0.30954,0.06594
5.06374,0.19941,0.06377
5.06439,0.21779,0.06475
5.06505,0.33513,0.06586
5.0657,0.36341,0.06896
5.06636,0.33747,0.0719
5.06701,0.34794,0.0684
5.06767,0.21872,0.06468
5.06833,0.33402,0.06494
5.06898,0.30052,0.05995
5.06964,0.20399,0.06532
5.07029,0.32354,0.06581
5.07094,0.31405,0.06416
5.0716,0.23092,0.06646
5.07226,0.27156,0.06372
5.07291,0.21908,0.06321
5.07357,0.2374,0.06296
5.07422,0.31899,0.06769
5.07488,0.26261,0.06707
5.07553,0.30707,0.06693
5.07618,0.28393,0.06489
5.07684,0.36402,0.06462
5.0775,0.27194,0.06672
5.07815,0.27779,0.06409
5.07881,0.29501,0.06885
5.07946,0.31898,0.06589
5.08012,0.32207,0.06731
5.08077,0.28923,0.06358
5.08143,0.22662,0.05718
5.08208,0.34928,0.0641
5.08273,0.18862,0.06756
5.08339,0.29276,0.06534
5.08404,0.31555,0.06333
5.0847,0.27679,0.06449
5.08535,0.29566,0.0657
5.08601,0.18449,0.06216
5.08666,0.32423,0.0666
5.08732,0.20075,0.06415
5.08797,0.29937,0.06627
5.08863,0.22082,0.06627
5.08928,0.28127,0.06464
5.08994,0.291,0.06751
5.09059,0.21051,0.06892
5.09125,0.23658,0.06622
5.0919,0.38068,0.06896
5.09255,0.18668,0.06802
5.09321,0.23235,0.06965
5.09387,0.3292,0.0672
5.09452,0.3845,0.06342
5.09518,0.3841,0.06836
5.09583,0.39348,0.06331
5.09649,0.24957,0.0636
5.09714,0.2419,0.06616
5.0978,0.35809,0.06716
5.09845,0.20577,0.06522
5.0991,0.52217,0.06921
5.09976,0.28603,0.06301
5.10041,0.2725,0.06573
5.10106,0.23562,0.0647
5.10172,0.24061,0.06155
5.10238,0.25104,0.05348
5.10303,0.29625,0.0666
5.10368,0.37167,0.06565
5.10434,0.22187,0.06634
5.10499,0.2204,0.06628
5.10565,0.20472,0.06679
5.1063,0.33591,0.0703
5.10696,0.18835,0.06485
5.10761,0.25491,0.06436
5.10826,0.3215,0.06775
5.10892,0.27439,0.06408
5.10957,0.30163,0.06579
5.11023,0.30525,0.06755
5.11088,0.27465,0.0631
5.11154,0.33325,0.06338
5.11219,0.33998,0.06832
5.11285,0.39302,0.06843
5.1135,0.26175,0.06341
5.11415,0.17101,0.0598
5.11481,0.27242,0.06474
5.11546,0.16045,0.06503
5.11612,0.24384,0.06073
5.11677,0.31279,0.06334
5.11742,0.17565,0.0624
5.11808,0.46343,0.06908
5.11874,0.27273,0.07048
5.11939,0.23856,0.06064
5.12004,0.31682,0.066
5.1207,0.48267,0.07226
5.12135,0.26881,0.06375
5.12201,0.15866,0.06529
5.12266,0.35026,0.0692
5.12331,0.27605,0.06034
5.12397,0.23622,0.06447
5.12462,0.3197,0.06564
5.12528,0.37696,0.06791
5.12593,0.10797,0.05839
5.12658,0.3529,0.06435
5.12723,0.26626,0.06428
5.12789,0.32487,0.0654
5.12854,0.26749,0.06486
5.1292,0.40011,0.0649
5.12985,0.24717,0.06628
5.13247,0.29658,0.06862
5.13312,0.24934,0.06931
5.13377,0.23825,0.06451
5.13443,0.21435,0.06578
5.13508,0.29244,0.0664
5.13574,0.24185,0.06388
5.13639,0.26521,0.06497
5.13705,0.28208,0.06854
5.1377,0.30433,0.06573
5.13836,0.26621,0.06287
5.13901,0.29266,0.06598
5.13966,0.33946,0.06722
5.14031,0.27294,0.06674
5.14097,0.32827,0.06667
5.14162,0.25666,0.06397
5.14227,0.29243,0.07089
5.14293,0.36634,0.06679
5.14358,0.27104,0.06919
5.14424,0.45883,0.07162
5.14489,0.36072,0.06985
5.14554,0.32245,0.07444
5.14685,0.39691,0.06992
5.14751,0.25032,0.06955
5.14816,0.28547,0.06679
5.14881,0.28364,0.06634
5.14947,0.26629,0.06797
5.15012,0.18226,0.06632
5.15077,0.18065,0.06589
5.15142,0.29038,0.06907
5.15208,0.24993,0.06756
5.15274,0.39348,0.07108
5.15339,0.26574,0.06243
5.15404,0.26669,0.06666
5.1547,0.26282,0.07095
5.15534,0.27912,0.07111
5.156,0.32455,0.06975
5.15862,0.34025,0.07062
5.15927,0.31121,0.07356
5.15992,0.26103,0.06914
5.16058,0.31094,0.07178
5.16123,0.33984,0.07092
5.16188,0.22745,0.06549
5.16254,0.32255,0.07343
5.16319,0.27078,0.07122
5.16385,0.34004,0.07006
5.1645,0.48421,0.07417
5.16515,0.23241,0.07358
5.16581,0.25543,0.0718
5.16646,0.26201,0.07342
5.16711,0.30428,0.0818
5.16777,0.29529,0.08313
5.16841,0.27566,0.08606
5.16972,0.12967,0.08515
5.17038,0.39593,0.09661
5.17103,0.16078,0.09448
5.17169,0.32311,0.10324
5.17234,0.36866,0.11718
5.17299,0.30917,0.11812
5.17365,0.24415,0.13266
5.17429,0.27783,0.13688
